# Blender 4.5.3 LTS
# www.blender.org
mtllib Volcano.mtl
o Volcano
v -1.000000 -0.000000 -1.000000
v -1.000001 0.000067 -0.103516
v -0.788671 0.000024 -0.623464
v -0.947642 0.004867 0.021808
v -0.937008 0.002212 -0.241298
v -0.969234 0.000818 0.123499
v -0.906655 0.011304 -0.165590
v -0.871447 0.025977 -0.004410
v -0.869503 0.019941 0.224262
v -0.887214 0.025621 0.074293
v -0.840016 0.048935 -0.042002
v -0.847208 0.041516 0.161995
v -0.870854 0.000339 0.454929
v -0.893667 0.006628 0.306148
v -0.714537 0.025621 0.074293
v -0.862781 0.026849 -0.160918
v -0.873119 0.009084 -0.329851
v -0.833918 0.027151 0.299728
v -0.808960 0.072281 0.078837
v -0.798763 0.041510 -0.290734
v -0.795091 0.017629 0.440079
v -0.765077 0.085769 0.131568
v -0.785274 0.088595 -0.090075
v -0.809598 0.063061 -0.146474
v -0.850146 0.003283 -0.450573
v -0.773646 0.066809 0.276346
v -0.753722 0.117028 0.024927
v -0.754089 0.116029 -0.023076
v -0.712047 0.126670 -0.209618
v -0.774820 0.083108 -0.205727
v -0.773569 0.070999 -0.250017
v -0.774548 0.021634 -0.442173
v -0.719569 0.004730 -0.631355
v -0.748252 0.063546 0.341976
v -0.755008 0.093500 0.172112
v -0.809455 0.021506 -0.364609
v -0.723726 0.105498 0.227476
v -0.727939 0.105562 -0.228453
v -0.749267 0.087215 -0.266090
v -0.720351 0.139899 0.074838
v -0.711231 0.161032 -0.061315
v -0.713048 0.120778 -0.255859
v -0.721632 0.078058 -0.353249
v -0.767001 0.003929 0.572561
v -0.710900 0.020941 0.543538
v -0.737060 0.041915 0.422739
v -0.685160 0.105873 0.306793
v -0.712015 0.141666 -0.022388
v -0.691205 0.159505 -0.177502
v -0.714690 0.016920 -0.551842
v -0.702369 0.104473 0.261400
v -0.688254 0.147844 0.189713
v -0.675429 0.184886 -0.007312
v -0.685524 0.068286 -0.422993
v -0.652997 0.078168 0.414694
v -0.686733 0.080602 0.386103
v -0.679198 0.139732 0.217891
v -0.688064 0.146874 0.123884
v -0.655024 0.179300 0.088862
v -0.651224 0.197447 -0.064220
v -0.655473 0.209886 -0.114937
v -0.665020 0.194311 -0.142759
v -0.668110 0.159188 -0.189040
v -0.664621 0.139482 -0.239635
v -0.639016 0.173949 -0.289149
v -0.688400 0.086127 -0.375223
v -0.662511 0.120112 0.248469
v -0.632327 0.222618 0.133493
v -0.641078 0.202383 0.024694
v -0.644938 0.188557 -0.163293
v -0.624236 0.125238 -0.381857
v -0.621934 0.085074 -0.488236
v -0.685561 0.031364 -0.536949
v -0.665115 0.053023 0.494039
v -0.639240 0.137377 0.306958
v -0.641750 0.201833 0.211845
v -0.608799 0.248582 -0.052109
v -0.655665 0.128142 -0.333622
v -0.588267 0.041372 0.604494
v -0.628489 0.140784 0.339174
v -0.599206 0.241707 0.213268
v -0.617727 0.210910 0.038828
v -0.602596 0.234473 -0.137054
v -0.629662 0.182030 -0.254920
v -0.597705 0.093132 0.475061
v -0.611162 0.135856 0.368144
v -0.592224 0.212283 0.250557
v -0.625928 0.226828 0.168871
v -0.595042 0.239002 -0.003484
v -0.614885 0.213767 -0.198998
v -0.575145 0.126488 -0.453819
v -0.619397 0.048199 -0.564221
v -0.637196 0.012227 -0.661586
v -0.655346 0.007418 0.663416
v -0.616750 0.171794 0.284701
v -0.618848 0.221160 0.087925
v -0.568869 0.281670 0.010937
v -0.586229 0.256526 -0.055055
v -0.586250 0.244826 -0.103052
v -0.563507 0.257451 -0.268370
v -0.604722 0.115324 -0.415905
v -0.570124 0.069275 -0.588933
v -0.595188 0.037746 -0.627554
v -0.706015 0.000145 0.684485
v -0.537805 0.100358 0.511374
v -0.546459 0.285980 0.181538
v -0.578521 0.274489 0.148735
v -0.560408 0.259356 -0.040611
v -0.578115 0.255381 -0.081140
v -0.562593 0.163680 0.403889
v -0.568515 0.174769 0.324708
v -0.563118 0.225414 0.284720
v -0.554159 0.250459 0.269205
v -0.558443 0.244180 0.226886
v -0.582618 0.268736 0.104178
v -0.516361 0.326570 0.088209
v -0.531205 0.326204 0.040994
v -0.552100 0.266795 -0.086683
v -0.540344 0.288833 -0.136668
v -0.582970 0.244069 -0.180606
v -0.552881 0.265154 -0.244123
v -0.475484 0.000435 0.856075
v -0.517440 0.054383 0.628520
v -0.534806 0.070771 0.577706
v -0.577099 0.119470 0.443736
v -0.559981 0.178398 0.362691
v -0.528535 0.274208 0.207233
v -0.512249 0.318087 -0.061159
v -0.562507 0.285626 -0.201736
v -0.540691 0.153281 -0.429564
v -0.524685 0.189258 0.361929
v -0.503339 0.306212 0.258987
v -0.498193 0.296769 0.223452
v -0.516391 0.307634 0.151544
v -0.529533 0.322551 -0.003375
v -0.497238 0.314671 -0.110197
v -0.529113 0.266196 -0.300913
v -0.529528 0.125249 -0.522861
v -0.506428 0.106307 -0.584363
v -0.579754 0.016036 0.693268
v -0.486802 0.039545 0.674082
v -0.447509 0.363384 0.292747
v -0.513582 0.325772 -0.163626
v -0.502081 0.321401 -0.213192
v -0.507608 0.250294 -0.338939
v -0.499593 0.065637 -0.650596
v -0.466092 0.110477 0.563930
v -0.501811 0.185611 0.429114
v -0.511696 0.193146 0.398008
v -0.481047 0.341843 0.117468
v -0.473579 0.369451 0.042247
v -0.491993 0.335122 -0.135482
v -0.466483 0.272864 -0.364173
v -0.494763 0.158728 -0.475143
v -0.432400 0.032183 0.735115
v -0.461655 0.067795 0.629974
v -0.499592 0.154979 0.485952
v -0.454618 0.275534 0.390827
v -0.473426 0.265072 0.334705
v -0.462067 0.354356 0.277055
v -0.479040 0.321983 0.256198
v -0.491486 0.302570 0.168961
v -0.489528 0.374089 -0.004919
v -0.472159 0.363450 -0.202553
v -0.486866 0.338948 -0.265461
v -0.458059 0.183549 0.500884
v -0.459523 0.339739 0.187596
v -0.452112 0.327723 0.135550
v -0.460475 0.358031 0.097539
v -0.466719 0.411080 -0.036429
v -0.464939 0.362612 -0.180400
v -0.453715 0.368564 -0.243690
v -0.483392 0.231988 -0.401099
v -0.469476 0.160292 -0.518365
v -0.488577 0.016335 -0.764187
v -0.435605 0.318998 0.320672
v -0.444237 0.334473 0.157071
v -0.437148 0.392573 0.068365
v -0.443626 0.380769 -0.201282
v -0.428980 0.348412 -0.283230
v -0.448666 0.179533 -0.495639
v -0.420702 0.000607 -0.880845
v -0.429317 0.118194 0.591951
v -0.435361 0.313832 0.367850
v -0.416312 0.332174 0.341593
v -0.456633 0.351512 0.251634
v -0.420898 0.398133 0.225825
v -0.420338 0.361381 0.095180
v -0.431759 0.443924 -0.009103
v -0.438614 0.445804 -0.058382
v -0.447965 0.385720 -0.115182
v -0.433065 0.334709 -0.321385
v -0.442948 0.261198 -0.393725
v -0.441606 0.195559 -0.468540
v -0.451713 0.041354 -0.724028
v -0.435187 0.068687 0.655340
v -0.405142 0.281208 0.449579
v -0.391662 0.365649 0.353881
v -0.405345 0.399396 0.265320
v -0.395964 0.395160 0.239430
v -0.419703 0.403525 0.200162
v -0.414476 0.421718 0.049690
v -0.405180 0.475211 0.017841
v -0.389502 0.514426 -0.116928
v -0.396323 0.467624 -0.154294
v -0.421244 0.420048 -0.168874
v -0.414519 0.177114 -0.544660
v -0.421088 0.099630 -0.648511
v -0.396499 0.160983 0.559771
v -0.364780 0.373488 0.378816
v -0.390390 0.345843 0.320190
v -0.395023 0.419238 0.195334
v -0.394174 0.381361 0.123153
v -0.368469 0.558857 -0.013641
v -0.402162 0.493173 -0.090994
v -0.414591 0.371966 -0.239021
v -0.416196 0.207366 -0.447317
v -0.415640 0.172754 -0.501501
v -0.391752 0.171497 -0.558464
v -0.390858 0.148381 -0.594806
v -0.421287 0.137579 -0.605669
v -0.394920 0.025088 0.772226
v -0.374932 0.071874 0.682375
v -0.387735 0.322647 0.408393
v -0.378276 0.368906 0.337418
v -0.361935 0.410932 0.275080
v -0.374500 0.422436 0.159934
v -0.376180 0.401690 0.095493
v -0.356413 0.454316 0.053821
v -0.376276 0.013019 -0.817115
v -0.336023 0.352458 0.410345
v -0.357598 0.349132 0.320763
v -0.374537 0.415245 0.253697
v -0.364977 0.421501 0.211082
v -0.367053 0.556947 -0.070738
v -0.358426 0.524372 -0.133580
v -0.362377 0.385841 -0.240853
v -0.359081 0.355644 -0.274901
v -0.382344 0.241579 -0.463144
v -0.376743 0.185922 -0.523323
v -0.352803 0.190206 -0.569317
v -0.333590 0.027610 0.801003
v -0.360721 0.208883 0.532147
v -0.312552 0.343671 0.453662
v -0.341886 0.464188 0.144130
v -0.358917 0.562870 0.001895
v -0.351209 0.291463 -0.432029
v -0.330864 0.240530 -0.541877
v -0.344534 0.076272 -0.694833
v -0.328494 0.178286 0.584918
v -0.336739 0.384001 0.338987
v -0.323196 0.361467 0.288808
v -0.329457 0.455993 0.240612
v -0.313995 0.515555 0.116910
v -0.337311 0.542775 0.019205
v -0.338536 0.566744 -0.031088
v -0.329747 0.545806 -0.101067
v -0.339085 0.477010 -0.192689
v -0.363054 0.317027 -0.395033
v -0.332159 0.114696 -0.643709
v -0.394312 0.005910 0.855371
v -0.337545 0.073203 0.715671
v -0.295568 0.284518 0.506684
v -0.305779 0.406986 0.313654
v -0.324781 0.450588 0.186924
v -0.315030 0.564435 0.038086
v -0.321950 0.527596 -0.004841
v -0.317032 0.340330 -0.370425
v -0.306996 0.274039 -0.511456
v -0.306765 0.142705 0.636256
v -0.304695 0.405872 0.362767
v -0.312447 0.374717 0.276506
v -0.302748 0.449230 0.245231
v -0.302889 0.481440 0.213382
v -0.290366 0.559971 0.128091
v -0.317872 0.487328 -0.180441
v -0.299073 0.447134 -0.248925
v -0.295524 0.373414 -0.353231
v -0.292108 0.332062 -0.397331
v -0.299925 0.312769 -0.474687
v -0.299799 0.120453 -0.635164
v -0.296820 0.055961 -0.734520
v -1.000000 0.000000 1.000000
v -0.270450 0.018302 0.837850
v -0.294282 0.062474 0.753162
v -0.291376 0.224102 0.562405
v -0.292739 0.370554 0.408460
v -0.281293 0.510173 0.155146
v -0.280998 0.639002 0.078820
v -0.278810 0.524800 -0.052842
v -0.305202 0.576440 -0.070948
v -0.282881 0.539481 -0.115991
v -0.303063 0.517446 -0.150940
v -0.270342 0.095104 -0.667191
v -0.267823 0.283034 0.537374
v -0.250073 0.396212 0.359326
v -0.268092 0.404763 0.347478
v -0.263928 0.419652 0.306293
v -0.272232 0.405029 0.258253
v -0.276143 0.493449 0.209754
v -0.273220 0.632715 0.034918
v -0.292457 0.534134 0.004226
v -0.275512 0.514422 -0.026608
v -0.274710 0.535510 -0.142578
v -0.266803 0.395591 -0.333295
v -0.283074 0.339226 -0.447040
v -0.273813 0.315580 -0.479782
v -0.265721 0.236767 -0.542009
v -0.255504 0.080796 0.731555
v -0.263332 0.296477 0.501135
v -0.220734 0.411840 0.323384
v -0.248308 0.414109 0.276306
v -0.250678 0.537097 0.179663
v -0.248150 0.666757 0.104593
v -0.244045 0.642969 0.044611
v -0.235147 0.590931 -0.008266
v -0.256330 0.525169 -0.062389
v -0.246084 0.481730 -0.111226
v -0.251966 0.347243 -0.442715
v -0.251208 0.162032 0.642185
v -0.236765 0.336160 0.443561
v -0.247225 0.354185 0.405710
v -0.230091 0.396268 0.338003
v -0.238489 0.434554 0.303767
v -0.225172 0.442839 0.250436
v -0.212496 0.466610 0.225095
v -0.227856 0.618998 0.129818
v -0.245052 0.401969 -0.296539
v -0.269164 0.165131 -0.612741
v -0.092317 -0.000159 0.999997
v -0.225226 0.044100 0.796605
v -0.233987 0.257221 0.579614
v -0.225211 0.313689 0.501250
v -0.246578 0.492109 0.205981
v -0.225024 0.577171 0.164579
v -0.226635 0.669728 0.082148
v -0.211070 0.670788 0.056001
v -0.258783 0.515428 -0.071430
v -0.227793 0.467246 -0.123943
v -0.223500 0.465733 -0.339430
v -0.225417 0.465155 -0.352559
v -0.230235 0.377061 -0.406515
v -0.203339 0.386285 -0.418623
v -0.194612 0.208084 -0.552834
v -0.208816 0.173494 -0.591150
v -0.217194 0.134350 -0.644354
v -0.220577 0.086659 -0.691565
v -0.236634 0.050500 -0.766351
v -0.184353 0.133545 0.692825
v -0.202315 0.354141 0.450388
v -0.213489 0.477731 0.299253
v -0.216281 0.663556 0.105968
v -0.229873 0.563431 -0.042669
v -0.214153 0.564166 -0.051760
v -0.212766 0.562694 -0.082694
v -0.218577 0.483216 -0.122420
v -0.240019 0.445876 -0.149180
v -0.195851 0.283763 -0.481038
v -0.225662 0.026305 -0.819453
v -0.227965 0.001275 -0.931009
v -0.190490 0.007306 0.913309
v -0.194799 0.075116 0.750096
v -0.188990 0.247355 0.604774
v -0.202693 0.388082 0.413343
v -0.209242 0.414564 0.373534
v -0.181666 0.441613 0.337591
v -0.195215 0.528153 0.286481
v -0.204888 0.634889 0.138251
v -0.196086 0.692099 0.108681
v -0.197361 0.645825 0.083568
v -0.204531 0.655132 0.047488
v -0.196170 0.577008 -0.007258
v -0.194445 0.485298 -0.343536
v -0.198909 0.434146 -0.380854
v -0.166600 0.070522 0.772800
v -0.158471 0.520623 0.311123
v -0.173125 0.544425 0.291595
v -0.170496 0.558442 0.166370
v -0.173020 0.625685 0.127525
v -0.182336 0.652512 0.063385
v -0.180764 0.563335 0.005770
v -0.181888 0.546109 -0.054323
v -0.203097 0.417428 -0.302657
v -0.173920 0.254514 -0.517855
v -0.171523 0.076130 -0.722087
v -0.132763 0.140097 0.691368
v -0.163789 0.175110 0.665230
v -0.147221 0.230439 0.622383
v -0.172319 0.338121 0.473398
v -0.138393 0.393709 0.432976
v -0.169412 0.427392 0.371305
v -0.159725 0.425722 0.354090
v -0.164618 0.538997 0.220150
v -0.173646 0.666888 0.091897
v -0.165521 0.651167 0.052338
v -0.163672 0.580175 0.011515
v -0.160743 0.516902 -0.060896
v -0.167088 0.491030 -0.310377
v -0.134294 0.139882 -0.614321
v -0.169931 0.108669 -0.678050
v -0.124695 0.079266 0.780264
v -0.166212 0.281780 0.553777
v -0.159690 0.415011 0.406695
v -0.149805 0.567791 0.272183
v -0.133058 0.632074 0.168801
v -0.134720 0.543145 0.098526
v -0.148397 0.603157 0.038554
v -0.149432 0.513832 -0.042365
v -0.132669 0.529908 -0.263399
v -0.143646 0.524039 -0.290295
v -0.135604 0.506936 -0.371843
v -0.161880 0.472324 -0.391479
v -0.155760 0.345774 -0.439863
v -0.127528 0.251219 -0.499487
v -0.121390 0.069755 -0.758863
v -0.098303 0.132441 0.728033
v -0.136037 0.288953 0.552553
v -0.132428 0.414670 0.384296
v -0.134177 0.541868 0.325379
v -0.125943 0.583188 0.211116
v -0.122497 0.659823 0.145496
v -0.148768 0.608744 0.141669
v -0.131738 0.512688 0.075174
v -0.135058 0.568386 0.011815
v -0.121866 0.534443 -0.163165
v -0.148692 0.490688 -0.355723
v -0.102273 0.342611 -0.449937
v -0.136063 0.237020 -0.530120
v -0.169793 0.066899 -0.765503
v 0.004416 -0.000308 -0.999996
v -0.042480 0.003621 0.954881
v -0.186331 0.019456 0.874963
v -0.109517 0.269069 0.602585
v -0.115179 0.319857 0.502889
v -0.108199 0.395327 0.437746
v -0.111960 0.591787 0.256750
v -0.107193 0.650369 0.116857
v -0.110327 0.475408 0.058499
v -0.117996 0.478930 0.040007
v -0.137926 0.526505 -0.217361
v -0.101291 0.466477 -0.383604
v -0.092895 0.410341 -0.423524
v -0.084117 0.095833 -0.687665
v -0.087742 0.035373 0.848526
v -0.080151 0.226469 0.627803
v -0.090751 0.281470 0.573460
v -0.088972 0.330301 0.502086
v -0.098729 0.558571 0.315901
v -0.101665 0.564462 0.277937
v -0.096739 0.613241 0.222858
v -0.086215 0.700936 0.162309
v -0.104221 0.457857 0.042377
v -0.119136 0.543868 -0.141178
v -0.088745 0.555066 -0.205198
v -0.106598 0.536918 -0.241168
v -0.101820 0.566488 -0.289972
v -0.097266 0.545806 -0.319533
v -0.083999 0.132674 -0.632622
v -0.066212 0.214979 0.642859
v -0.071285 0.403391 0.428429
v -0.090445 0.418466 0.403162
v -0.085412 0.431579 0.382881
v -0.076577 0.652965 0.201181
v -0.083032 0.556820 0.067226
v -0.065110 0.431094 0.022810
v -0.084195 0.421033 0.002758
v -0.071411 0.546037 -0.159991
v -0.082192 0.570669 -0.281515
v -0.083100 0.271307 -0.491913
v -0.090213 0.224813 -0.526866
v -0.093438 0.193180 -0.576814
v -0.088778 0.080762 -0.706752
v -0.091123 0.062220 -0.768250
v -0.083332 0.065283 0.805965
v -0.048008 0.320263 0.526034
v -0.101634 0.521377 0.348699
v -0.076375 0.597459 0.249286
v -0.068155 0.636801 0.206935
v -0.084214 0.676928 0.133633
v -0.068012 0.618724 0.115616
v -0.046834 0.517080 -0.090518
v -0.056268 0.535289 -0.137001
v -0.064232 0.569649 -0.230143
v -0.081740 0.557935 -0.339432
v -0.058176 0.310517 -0.454759
v -0.068564 0.201586 -0.562738
v -0.028365 0.040804 -0.829991
v -0.116378 0.033374 -0.826423
v -0.033587 0.073568 0.793802
v -0.050646 0.261758 0.569972
v -0.053007 0.346639 0.485658
v -0.051546 0.391035 0.433557
v -0.052468 0.378666 0.408724
v -0.037700 0.493415 0.375122
v -0.057107 0.595691 0.308664
v -0.064802 0.676894 0.172916
v -0.048030 0.667212 0.148896
v -0.049702 0.631305 0.100030
v -0.048889 0.370569 -0.006071
v -0.056710 0.380387 -0.027214
v -0.049468 0.424822 -0.402662
v -0.064071 0.257388 -0.515710
v -0.056796 0.121819 -0.629523
v -0.059279 0.097480 -0.699376
v 0.018095 0.082627 0.792281
v -0.030425 0.244197 0.630721
v -0.040206 0.245585 0.600915
v -0.036617 0.390132 0.446510
v -0.027918 0.670268 0.262481
v -0.038514 0.670859 0.256735
v -0.038753 0.567740 0.049419
v -0.037103 0.327719 -0.044208
v -0.034017 0.542674 -0.131755
v -0.047527 0.566467 -0.206575
v -0.045867 0.607414 -0.283074
v -0.035279 0.419439 -0.409161
v -0.036629 0.285838 -0.475069
v -0.048262 0.231649 -0.549974
v -0.035075 0.142857 -0.617559
v -0.034982 0.119767 -0.669086
v -0.015977 0.129539 0.735095
v -0.055123 0.197965 0.671513
v -0.003590 0.283057 0.555132
v -0.039368 0.715166 0.197819
v -0.021158 0.653157 0.114691
v -0.013319 0.380743 -0.032971
v -0.036126 0.356062 -0.055601
v -0.024528 0.574835 -0.173721
v -0.023420 0.582854 -0.215910
v -0.033414 0.596372 -0.316498
v -0.042302 0.261538 -0.509237
v -0.011617 0.218251 -0.555836
v 0.006225 0.155294 -0.602485
v -0.014089 0.009415 -0.922161
v 0.061663 0.018817 0.900394
v -0.035185 0.021879 0.895038
v 0.011408 0.099396 0.758385
v -0.000588 0.278523 0.593531
v -0.004593 0.293192 0.535082
v -0.018162 0.374663 0.477256
v -0.010175 0.397331 0.411371
v -0.003950 0.581355 0.332728
v -0.005134 0.660745 0.273380
v -0.023114 0.698436 0.206130
v -0.022065 0.691940 0.153806
v -0.011040 0.379726 -0.078423
v -0.009980 0.538009 -0.134822
v -0.008128 0.561606 -0.202932
v -0.007123 0.602550 -0.269137
v -0.004398 0.596540 -0.307810
v -0.002789 0.379544 -0.407582
v -0.006817 0.328450 -0.441519
v 0.024946 0.301120 -0.481015
v -0.022635 0.065685 -0.766464
v 0.008390 0.308592 0.502202
v 0.007089 0.399770 0.444708
v 0.032000 0.591293 0.309000
v 0.016823 0.675500 0.140390
v 0.011942 0.598076 0.066748
v -0.007150 0.526484 0.019293
v 0.003875 0.549367 -0.139899
v 0.008462 0.602247 -0.210165
v 0.007504 0.494998 -0.351079
v 0.013033 0.314937 -0.448282
v 0.003766 0.241191 -0.531360
v -0.000834 0.133548 -0.643305
v 0.036313 0.142316 0.705144
v 0.016230 0.217679 0.660808
v 0.037264 0.302595 0.559781
v 0.024898 0.286363 0.525193
v 0.023612 0.454790 0.370338
v 0.025914 0.687713 0.196525
v 0.028118 0.664970 0.125433
v 0.040029 0.627362 0.075449
v 0.013122 0.418158 -0.045652
v 0.030179 0.429996 -0.065521
v 0.018232 0.433698 -0.090597
v 0.024709 0.568511 -0.167956
v 0.016248 0.603455 -0.234737
v 0.021194 0.536383 -0.288804
v 0.011496 0.107823 -0.670736
v 0.047948 0.122509 0.737568
v 0.050118 0.296160 0.541493
v 0.056351 0.323752 0.501410
v 0.043422 0.407176 0.399269
v 0.043257 0.662067 0.269702
v 0.039882 0.677114 0.215462
v 0.042419 0.648177 0.094802
v 0.039013 0.588201 0.033058
v 0.036671 0.580963 0.009279
v 0.066014 0.537331 -0.018832
v 0.054438 0.489518 -0.047997
v 0.053480 0.474071 -0.114740
v 0.039821 0.493682 -0.143110
v 0.042658 0.519119 -0.196411
v 0.034490 0.070964 -0.756541
v 0.174882 0.000530 0.963597
v 0.052256 0.247719 0.628026
v 0.091631 0.273653 0.584023
v 0.045071 0.348435 0.472378
v 0.046554 0.389049 0.426952
v 0.066977 0.652355 0.191109
v 0.069723 0.644787 0.164048
v 0.060822 0.646250 0.110261
v 0.047704 0.623087 0.059596
v 0.066890 0.574706 0.008520
v 0.053588 0.497922 -0.165788
v 0.057032 0.524016 -0.235331
v 0.055824 0.138036 -0.625044
v 0.062838 0.078110 -0.702648
v 0.119795 0.009687 -0.916575
v 0.258588 0.000223 -0.954196
v 0.075856 0.282791 0.555829
v 0.091583 0.339227 0.504222
v 0.072628 0.361954 0.459137
v 0.081660 0.415072 0.353616
v 0.051506 0.457051 0.340360
v 0.072183 0.550106 0.278825
v 0.058256 0.652185 0.141610
v 0.072770 0.587610 0.087010
v 0.067173 0.566542 0.045903
v 0.071834 0.523271 -0.203630
v 0.069888 0.276235 -0.500578
v 0.059473 0.193044 -0.573904
v 0.078919 0.127266 -0.629315
v 0.092967 0.069555 -0.738208
v 0.068762 0.059201 -0.780128
v 0.090147 0.415828 0.395779
v 0.082919 0.675313 0.218078
v 0.097364 0.670427 0.132875
v 0.085525 0.589534 0.082782
v 0.089888 0.580740 0.032266
v 0.089874 0.610775 0.003600
v 0.085118 0.613526 -0.113665
v 0.083820 0.589164 -0.156954
v 0.086228 0.483749 -0.294243
v 0.099950 0.346684 -0.421115
v 0.112821 0.082926 -0.721180
v 0.097713 0.076262 0.781899
v 0.089775 0.165410 0.690398
v 0.082257 0.211750 0.637135
v 0.116508 0.336417 0.513989
v 0.115196 0.384971 0.466686
v 0.120346 0.435278 0.360230
v 0.095534 0.559569 0.256079
v 0.078464 0.681714 0.234576
v 0.108183 0.661685 0.192883
v 0.114336 0.672379 0.167979
v 0.113827 0.697618 0.057407
v 0.098469 0.649367 -0.069728
v 0.105923 0.631712 -0.101373
v 0.099178 0.604780 -0.189630
v 0.103726 0.623279 -0.224994
v 0.098027 0.473164 -0.324731
v 0.101066 0.257311 -0.508228
v 0.127550 0.157083 -0.596111
v 0.124065 0.122171 -0.655776
v 0.095658 0.037070 -0.837007
v 0.133509 0.100679 0.740224
v 0.114401 0.203729 0.655766
v 0.133732 0.223724 0.637817
v 0.121676 0.222789 0.613918
v 0.114911 0.285259 0.559221
v 0.101755 0.383736 0.443597
v 0.105203 0.433353 0.330376
v 0.110262 0.499724 0.273566
v 0.116975 0.680726 0.139878
v 0.121580 0.618627 0.115350
v 0.116910 0.698237 0.072901
v 0.144812 0.696886 0.023931
v 0.114557 0.672991 -0.013995
v 0.114704 0.672002 -0.038765
v 0.118045 0.633768 -0.133395
v 0.119601 0.607224 -0.164795
v 0.122629 0.619845 -0.197650
v 0.113778 0.548281 -0.272703
v 0.119891 0.531056 -0.297095
v 0.119665 0.062063 0.809978
v 0.140646 0.234180 0.609707
v 0.153961 0.386876 0.425204
v 0.158109 0.421463 0.349611
v 0.141103 0.440320 0.337321
v 0.150275 0.442992 0.292598
v 0.149042 0.514067 0.198451
v 0.139019 0.611270 0.134881
v 0.138066 0.683257 -0.044189
v 0.142392 0.626194 -0.138800
v 0.110380 0.381630 -0.379554
v 0.151084 0.332529 -0.404486
v 0.125268 0.226800 -0.527222
v 0.148576 0.131101 -0.624676
v 0.135506 0.050994 -0.769597
v 0.154298 0.128763 0.702234
v 0.162444 0.244410 0.612938
v 0.151506 0.256991 0.561297
v 0.150300 0.344669 0.475374
v 0.141212 0.498984 0.239797
v 0.145416 0.607419 0.158940
v 0.161233 0.595598 0.120931
v 0.169702 0.698046 0.086226
v 0.160069 0.692177 0.055667
v 0.137647 0.666874 0.004957
v 0.163886 0.661095 -0.028740
v 0.153868 0.680851 -0.061978
v 0.164484 0.645365 -0.117603
v 0.151098 0.599530 -0.170976
v 0.150379 0.617926 -0.204403
v 0.150482 0.522056 -0.273314
v 0.136620 0.497709 -0.314157
v 0.137548 0.196669 -0.555433
v 0.182094 0.112879 0.721534
v 0.198728 0.324435 0.453959
v 0.193460 0.411668 0.317493
v 0.161569 0.443168 0.273303
v 0.186099 0.484201 0.224754
v 0.179439 0.694998 -0.001805
v 0.170432 0.526561 -0.260385
v 0.179718 0.418622 -0.354352
v 0.142016 0.280334 -0.445867
v 0.168958 0.181473 -0.528059
v 0.196538 0.156504 -0.560383
v 0.192046 0.019346 -0.857621
v 0.184876 0.267909 0.537884
v 0.171578 0.328657 0.509851
v 0.188668 0.360204 0.433354
v 0.187344 0.412236 0.360267
v 0.186367 0.507151 0.194069
v 0.182420 0.503596 0.159881
v 0.180027 0.652709 -0.043189
v 0.188933 0.663591 -0.088352
v 0.190321 0.612563 -0.135854
v 0.190733 0.616798 -0.172251
v 0.188239 0.128209 -0.647983
v 0.266961 0.057544 0.782474
v 0.195595 0.233890 0.615041
v 0.211302 0.390609 0.360562
v 0.210683 0.438912 0.256234
v 0.206945 0.483265 0.149602
v 0.204702 0.582245 0.117080
v 0.192426 0.717842 0.078363
v 0.202671 0.719326 0.039894
v 0.200031 0.641070 -0.057341
v 0.205051 0.636951 -0.102427
v 0.215440 0.533781 -0.209426
v 0.200620 0.468747 -0.311388
v 0.192001 0.251768 -0.474759
v 0.220620 0.487428 0.179486
v 0.218935 0.616113 -0.075697
v 0.215547 0.615983 -0.147938
v 0.217692 0.479160 -0.254808
v 0.215913 0.457974 -0.291523
v 0.215093 0.291875 -0.423514
v 0.193652 0.132399 -0.608963
v 0.249291 0.122930 -0.633088
v 0.247778 0.011071 -0.877129
v 0.262425 0.100383 0.716362
v 0.244393 0.125409 0.699239
v 0.219790 0.196459 0.633718
v 0.203861 0.267868 0.565603
v 0.238909 0.261694 0.528428
v 0.216290 0.262013 0.502917
v 0.225626 0.432637 0.273301
v 0.231466 0.469080 0.205908
v 0.238965 0.534549 0.130668
v 0.223689 0.672545 0.060594
v 0.238050 0.675873 0.024130
v 0.213464 0.712946 -0.014972
v 0.240933 0.680344 -0.030114
v 0.242512 0.598601 -0.134992
v 0.236093 0.401873 -0.330832
v 0.198364 0.354984 -0.386465
v 0.225811 0.240719 -0.490749
v 0.212562 0.079660 -0.722884
v 0.187347 0.036250 -0.799924
v 0.242402 0.263288 0.431030
v 0.234729 0.310632 0.385143
v 0.248062 0.483527 0.163834
v 0.262873 0.469522 0.148218
v 0.237378 0.566350 0.088344
v 0.243676 0.565826 -0.093085
v 0.249253 0.548028 -0.183561
v 0.256704 0.234723 -0.490844
v 0.229664 0.138430 -0.583645
v 0.244969 0.190994 0.639765
v 0.229365 0.386929 0.315807
v 0.271652 0.412019 0.274275
v 0.268419 0.617558 0.045049
v 0.264870 0.595373 -0.054014
v 0.274562 0.557251 -0.102029
v 0.273720 0.344608 -0.327388
v 0.262916 0.322157 -0.385385
v 0.268444 0.289013 -0.442894
v 0.265195 0.219836 -0.526192
v 0.277689 0.052114 -0.761129
v 0.272004 0.211647 0.572494
v 0.264673 0.235050 0.551193
v 0.279453 0.247089 0.486474
v 0.255060 0.240118 0.472386
v 0.267592 0.251634 0.439623
v 0.260850 0.280929 0.381764
v 0.259800 0.306703 0.332177
v 0.268755 0.465216 0.216554
v 0.286077 0.491561 0.121231
v 0.292549 0.477240 0.084919
v 0.301495 0.473101 0.068221
v 0.276357 0.615214 0.000808
v 0.272516 0.567648 -0.138071
v 0.269425 0.484864 -0.231889
v 0.290168 0.421165 -0.260802
v 0.169440 0.021053 0.880447
v 0.298261 0.079412 0.709963
v 0.289474 0.202538 0.591880
v 0.299923 0.258987 0.403174
v 0.292697 0.289992 0.328437
v 0.276895 0.465118 0.189392
v 0.285914 0.458499 0.160450
v 0.307423 0.582508 -0.006950
v 0.297489 0.545697 -0.026009
v 0.300711 0.552159 -0.069267
v 0.291312 0.355673 -0.305486
v 0.292287 0.308463 -0.354906
v 0.333056 0.242093 -0.416958
v 0.314498 0.224663 -0.474984
v 0.293748 0.214544 -0.502672
v 0.288023 0.098283 -0.676148
v 0.363947 0.009895 0.860489
v 0.305037 0.205147 0.528286
v 0.304043 0.323404 0.293563
v 0.303348 0.438764 0.175984
v 0.317674 0.474600 0.144906
v 0.312399 0.478122 0.109829
v 0.324122 0.524044 -0.084356
v 0.323535 0.490703 -0.109026
v 0.298498 0.508293 -0.175533
v 0.309652 0.449049 -0.240650
v 0.315526 0.261539 -0.443203
v 0.325218 0.168013 -0.557557
v 0.322668 0.073148 0.710433
v 0.322737 0.184991 0.589303
v 0.330501 0.258691 0.372714
v 0.314111 0.274108 0.358842
v 0.324041 0.428755 0.215053
v 0.322455 0.426886 0.191909
v 0.322881 0.509166 0.036292
v 0.342192 0.449679 -0.159222
v 0.313427 0.502713 -0.195387
v 0.317898 0.277601 -0.383937
v 0.341627 0.070022 -0.703720
v 0.322336 0.037240 0.779250
v 0.287703 0.161238 0.650591
v 0.358610 0.121555 0.624800
v 0.306274 0.259460 0.449077
v 0.332708 0.357938 0.260080
v 0.349526 0.439956 0.181779
v 0.345423 0.459009 0.157752
v 0.343696 0.456650 0.125582
v 0.350180 0.481677 -0.008806
v 0.342921 0.472324 -0.026900
v 0.345293 0.368049 -0.273885
v 0.358494 0.165832 -0.528619
v 0.298272 0.031465 0.824713
v 0.378536 0.073100 0.722667
v 0.346062 0.315186 0.313369
v 0.381146 0.321735 0.265608
v 0.354012 0.428686 0.217739
v 0.347605 0.405075 0.089804
v 0.356139 0.423551 -0.220105
v 0.363587 0.221888 -0.402289
v 0.372830 0.189293 -0.451589
v 0.364771 0.182429 -0.486954
v 0.339791 0.036992 -0.769480
v 0.394022 0.004235 -0.861785
v 0.399875 0.026338 0.783720
v 0.372447 0.098788 0.655129
v 0.396021 0.204828 0.499153
v 0.357315 0.209915 0.465527
v 0.376181 0.219566 0.443896
v 0.358189 0.264199 0.366579
v 0.388711 0.329593 0.242872
v 0.398755 0.415186 0.130893
v 0.375477 0.388516 0.077356
v 0.374933 0.490006 -0.090445
v 0.391348 0.378287 -0.187456
v 0.388039 0.381078 -0.216025
v 0.366470 0.272639 -0.354708
v 0.364157 0.222798 -0.424937
v 0.391080 0.038693 -0.747881
v 0.420846 0.212135 0.452508
v 0.388927 0.293455 0.328051
v 0.411742 0.308135 0.296653
v 0.392501 0.419595 0.166961
v 0.394157 0.373107 0.051621
v 0.357994 0.446208 0.042325
v 0.402562 0.428172 -0.005486
v 0.377173 0.410575 -0.143093
v 0.359049 0.323764 -0.303327
v 0.406427 0.127229 -0.588127
v 0.409262 0.048114 0.746378
v 0.403809 0.104633 0.653636
v 0.368787 0.255848 0.389041
v 0.425626 0.235398 0.363650
v 0.403789 0.381469 0.207873
v 0.380971 0.427439 -0.029868
v 0.394871 0.469591 -0.075071
v 0.410887 0.454931 -0.119517
v 0.420835 0.368976 -0.169170
v 0.413643 0.327582 -0.257693
v 0.392571 0.314251 -0.304210
v 0.406548 0.271340 -0.341649
v 0.389537 0.225758 -0.382630
v 0.432722 0.287807 0.259070
v 0.424231 0.389956 0.114910
v 0.441418 0.323223 0.069050
v 0.418427 0.382967 0.019728
v 0.429893 0.423147 -0.024440
v 0.415525 0.390614 -0.051850
v 0.448300 0.342639 -0.221355
v 0.429231 0.353295 -0.231750
v 0.399572 0.216639 -0.414342
v 0.404043 0.165225 -0.466800
v 0.448671 0.147527 -0.514794
v 0.410241 0.152030 -0.539917
v 0.456023 0.016835 0.774089
v 0.436627 0.109691 0.620879
v 0.413737 0.216343 0.414855
v 0.467587 0.292901 0.274288
v 0.463544 0.323750 0.215395
v 0.447133 0.343441 0.159830
v 0.452759 0.397309 -0.037564
v 0.449368 0.337704 -0.197628
v 0.430944 0.277542 -0.318819
v 0.444276 0.275448 -0.338624
v 0.449267 0.171308 -0.434565
v 0.444439 0.145708 -0.484901
v 0.481391 0.025444 0.749799
v 0.462969 0.118160 0.590607
v 0.428889 0.109856 0.588546
v 0.388952 0.183901 0.538900
v 0.470475 0.213904 0.410436
v 0.475383 0.280481 0.294509
v 0.448401 0.286695 0.243521
v 0.456324 0.342437 0.119688
v 0.450939 0.321424 0.053842
v 0.440263 0.426814 -0.124405
v 0.447000 0.327848 -0.254097
v 0.463139 0.304177 -0.286367
v 0.444405 0.248834 -0.392937
v 0.473764 0.231273 0.380429
v 0.461739 0.337923 0.178988
v 0.484815 0.320396 0.138057
v 0.461197 0.322681 0.086616
v 0.479777 0.336404 -0.059359
v 0.471309 0.394264 -0.105024
v 0.452522 0.350426 -0.159796
v 0.424031 0.263221 -0.363546
v 0.476580 0.079256 0.643141
v 0.491086 0.110029 0.573917
v 0.474584 0.243018 0.329271
v 0.503362 0.267153 0.253726
v 0.489808 0.301217 0.065644
v 0.485185 0.357403 -0.127604
v 0.506677 0.335820 -0.144334
v 0.485944 0.350670 -0.167674
v 0.480333 0.271350 -0.331495
v 0.486153 0.140670 -0.510700
v 0.431718 0.109537 -0.594510
v 0.482513 0.109198 -0.572226
v 0.463615 0.010502 -0.792238
v 0.465431 0.106750 0.563158
v 0.514596 0.098286 0.519328
v 0.493458 0.153690 0.479604
v 0.518108 0.229307 0.343275
v 0.508636 0.305356 0.186661
v 0.490949 0.363579 0.015728
v 0.499615 0.363623 -0.014538
v 0.517266 0.323079 -0.026767
v 0.493776 0.361456 -0.088121
v 0.493242 0.363479 -0.201327
v 0.486811 0.346797 -0.226531
v 0.505204 0.285583 -0.275783
v 0.481510 0.155787 -0.451132
v 0.496696 0.138650 -0.474308
v 0.480528 0.067789 -0.623798
v 0.513054 0.231720 0.310763
v 0.492983 0.264437 0.225395
v 0.526249 0.282792 0.210400
v 0.512520 0.274544 0.152526
v 0.522511 0.267122 0.130588
v 0.524212 0.270378 0.104117
v 0.524051 0.343658 0.017186
v 0.511566 0.338837 -0.060514
v 0.511385 0.350881 -0.109626
v 0.517533 0.320015 -0.238680
v 0.489726 0.226999 -0.388650
v 0.521660 0.125724 -0.504488
v 0.486466 0.004171 0.817063
v 0.555133 0.205672 0.306468
v 0.530399 0.248829 0.283275
v 0.534192 0.237261 0.236979
v 0.540858 0.247977 0.164193
v 0.527909 0.293734 0.074933
v 0.535213 0.294417 -0.163148
v 0.536491 0.311556 -0.190590
v 0.512247 0.223567 -0.329418
v 0.529983 0.201481 -0.372359
v 0.525218 0.149478 -0.440183
v 0.545442 0.056988 -0.613576
v 0.555240 0.037908 0.667008
v 0.546432 0.148402 0.401655
v 0.558482 0.203971 0.263668
v 0.555305 0.238411 0.225529
v 0.560191 0.236453 0.197156
v 0.548621 0.278618 0.132349
v 0.539894 0.339085 -0.048126
v 0.538129 0.339987 -0.078945
v 0.560346 0.264691 -0.129183
v 0.545575 0.149843 -0.450443
v 0.555048 0.098421 0.529140
v 0.558319 0.098439 0.463992
v 0.576363 0.117412 0.393258
v 0.558887 0.276230 0.100882
v 0.552635 0.322858 0.045671
v 0.533178 0.343798 -0.002615
v 0.577473 0.278980 0.002898
v 0.556739 0.301954 -0.015611
v 0.577779 0.241231 -0.108381
v 0.564135 0.278605 -0.162229
v 0.551605 0.278199 -0.231704
v 0.534521 0.253432 -0.271318
v 0.558599 0.229425 -0.309065
v 0.543529 0.202328 -0.370605
v 0.574139 0.161988 0.331027
v 0.576252 0.171703 0.286676
v 0.583407 0.200251 0.258615
v 0.575590 0.228833 0.193450
v 0.574921 0.263653 0.149131
v 0.582272 0.273885 0.117150
v 0.564663 0.310301 -0.040514
v 0.578214 0.216326 -0.273132
v 0.591927 0.194097 -0.306367
v 0.577910 0.193869 -0.347662
v 0.565799 0.115106 -0.490445
v 0.582800 0.105090 0.481467
v 0.582264 0.103360 0.429076
v 0.590570 0.150953 0.352172
v 0.593119 0.166418 0.294872
v 0.595178 0.247104 0.176288
v 0.583603 0.301454 0.052563
v 0.591400 0.229534 -0.087762
v 0.601722 0.237759 -0.126807
v 0.584630 0.082689 -0.530136
v 0.577158 0.018327 0.702008
v 0.606440 0.165062 0.346066
v 0.615436 0.207378 0.237086
v 0.621313 0.220434 0.210045
v 0.628279 0.220637 0.163996
v 0.596389 0.276685 0.087826
v 0.607889 0.200982 -0.267373
v 0.617441 0.133473 -0.363980
v 0.603350 0.124835 -0.420474
v 0.606777 0.114666 0.436584
v 0.625730 0.166740 0.326544
v 0.635693 0.175421 0.286588
v 0.609392 0.265425 0.117001
v 0.619775 0.217773 0.065804
v 0.625006 0.199004 -0.060992
v 0.633087 0.201849 -0.100579
v 0.583400 0.213803 -0.229604
v 0.651468 0.105872 -0.339027
v 0.590038 0.025392 -0.665821
v 0.639669 0.070827 0.492558
v 0.644081 0.186603 0.218315
v 0.628142 0.218245 -0.010158
v 0.611211 0.219356 -0.164993
v 0.638600 0.173746 -0.162152
v 0.633025 0.174331 -0.245262
v 0.634590 0.092385 -0.415532
v 0.463581 0.000138 0.877324
v 0.626138 0.039565 0.590191
v 0.663178 0.138667 0.266165
v 0.653046 0.170155 0.192561
v 0.655446 0.176718 0.159755
v 0.652962 0.174501 0.128555
v 0.650697 0.176493 0.087215
v 0.648196 0.069709 -0.463220
v 0.706833 0.093970 0.302257
v 0.721973 0.098982 0.210998
v 0.679279 0.158582 0.090834
v 0.653447 0.178614 -0.000030
v 0.668522 0.156975 -0.105923
v 0.666009 0.112129 -0.279540
v 0.682272 0.071028 -0.390932
v 0.616463 0.004415 0.728121
v 0.702614 0.075438 0.405703
v 0.686692 0.132934 0.242789
v 0.738698 0.083587 0.183267
v 0.671834 0.142729 0.149970
v 0.672101 0.161609 0.046794
v 0.681485 0.124529 -0.053391
v 0.696725 0.137905 -0.111810
v 0.661806 0.146740 -0.176292
v 0.703641 0.124752 -0.172778
v 0.694101 0.080675 -0.301830
v 0.657867 0.041438 -0.535858
v 0.702311 0.017104 -0.563159
v 0.733293 0.089606 0.150451
v 0.677537 0.145966 -0.022317
v 0.707357 0.121307 -0.058257
v 0.688586 0.132908 -0.221831
v 0.715340 0.103589 -0.029649
v 0.725608 0.047722 -0.350684
v 0.759241 0.028226 0.459563
v 0.758940 0.072555 0.244268
v 0.747901 0.090823 0.132311
v 0.731891 0.098671 0.051521
v 0.748626 0.088182 0.027544
v 0.750957 0.082821 -0.034167
v 0.737294 0.086905 -0.110485
v 0.717056 0.089338 -0.235985
v 0.737487 0.071564 -0.274702
v 0.744035 0.008387 0.561963
v 0.783744 0.054792 -0.064653
v 0.779647 0.064808 -0.119727
v 0.786466 0.043217 -0.252451
v 0.774114 0.030020 -0.355108
v 0.757881 0.022498 -0.453885
v 0.849491 0.000089 0.528543
v 0.753749 0.072824 -0.000537
v 0.807890 0.004863 0.498667
v 0.790463 0.060477 0.163141
v 0.780994 0.071037 0.083292
v 0.776308 0.062505 -0.183662
v 0.773099 0.004843 -0.550001
v 0.779989 0.047818 0.316481
v 0.867952 0.023518 0.026179
v 0.777277 0.046079 -0.214626
v 0.830731 0.035737 -0.030214
v 0.815588 0.021072 -0.302697
v 0.834541 0.007766 -0.399752
v 0.856574 0.014356 0.324939
v 0.814775 0.038155 0.218457
v 0.833150 0.039940 -0.075374
v 0.828349 0.042085 0.171087
v 0.827633 0.044325 0.063208
v 0.846700 0.021927 -0.190066
v 0.872659 0.010407 -0.261594
v 0.914631 0.012432 0.062233
v 0.867526 0.000198 -0.479842
v 0.904080 0.012297 -0.006273
v 0.889543 0.012442 0.233549
v 0.926454 0.005615 -0.149762
v 0.960548 0.000230 0.216521
v 0.973152 0.001317 0.024033
v 1.000000 -0.000006 -1.000000
v 1.000000 0.000005 1.000000
v -0.428980 0.365693 -0.283230
v -0.433065 0.351989 -0.321385
v -0.466483 0.290144 -0.364173
v -0.397440 0.334682 -0.366713
v -0.442948 0.278479 -0.393725
v -0.441606 0.212839 -0.468540
v -0.451713 0.058635 -0.724028
v -0.376276 0.030300 -0.817115
v -0.406210 0.365003 -0.310283
v -0.403633 0.276484 -0.405046
v -0.416196 0.224647 -0.447317
v -0.415640 0.190034 -0.501501
v -0.414519 0.194394 -0.544660
v -0.421287 0.154860 -0.605669
v -0.421088 0.116910 -0.648511
v -0.391752 0.188778 -0.558464
v -0.390858 0.165662 -0.594806
v -0.382915 0.105342 -0.666017
v -0.420702 0.017888 -0.880845
v -0.359081 0.372924 -0.274901
v -0.376406 0.357709 -0.313403
v -0.387117 0.293783 -0.390238
v -0.375162 0.308138 -0.421396
v -0.382344 0.258860 -0.463144
v -0.362377 0.403121 -0.240853
v -0.366513 0.337521 -0.338036
v -0.363054 0.334307 -0.395033
v -0.376743 0.203203 -0.523323
v -0.347351 0.371940 -0.305844
v -0.345495 0.315041 -0.354666
v -0.351209 0.308744 -0.432029
v -0.332159 0.131977 -0.643709
v -0.344534 0.093553 -0.694833
v -0.306882 0.039050 -0.801231
v -0.310099 0.436560 -0.283055
v -0.319740 0.347882 -0.340154
v -0.299073 0.464415 -0.248925
v -0.308919 0.385491 -0.320892
v -0.317032 0.357611 -0.370425
v -0.296820 0.073242 -0.734520
v -0.282881 0.556761 -0.115991
v -0.303063 0.534727 -0.150940
v -0.317872 0.504608 -0.180441
v -0.295524 0.390694 -0.353231
v -0.274710 0.552791 -0.142578
v -0.270603 0.488818 -0.231461
v -0.266803 0.412871 -0.333295
v -0.277129 0.469538 -0.269854
v -0.272944 0.505157 -0.192893
v -0.253991 0.484035 -0.218038
v -0.244832 0.452825 -0.277108
v -0.245052 0.419250 -0.296539
v -0.225662 0.043586 -0.819453
v -0.227965 0.018556 -0.931009
v -0.240019 0.463157 -0.149180
v -0.243536 0.448496 -0.192044
v -0.239446 0.493066 -0.252437
v -0.236634 0.067781 -0.766351
v -0.227793 0.484527 -0.123943
v -0.223823 0.440787 -0.199081
v -0.214801 0.427279 -0.281989
v -0.214153 0.581447 -0.051760
v -0.212766 0.579975 -0.082694
v -0.218577 0.500497 -0.122420
v -0.182411 0.555231 -0.155526
v -0.214469 0.448615 -0.196053
v -0.212259 0.440263 -0.227175
v -0.208143 0.449955 -0.246302
v -0.203097 0.434709 -0.302657
v -0.214358 0.035010 -0.855598
v -0.195299 0.527036 -0.107590
v -0.191801 0.556453 -0.129172
v -0.181888 0.563389 -0.054323
v -0.177330 0.480050 -0.216828
v -0.160743 0.534183 -0.060896
v -0.149432 0.531113 -0.042365
v -0.153108 0.524889 -0.087448
v -0.147118 0.540645 -0.156464
v -0.158004 0.528652 -0.195977
v -0.139631 0.557313 -0.115448
v -0.137926 0.543785 -0.217361
v -0.132669 0.547189 -0.263399
v -0.116378 0.050655 -0.826423
v -0.135058 0.585666 0.011815
v -0.133140 0.550800 -0.068388
v -0.119136 0.561148 -0.141178
v -0.117996 0.496210 0.040007
v -0.103332 0.542177 -0.026832
v -0.121866 0.551723 -0.163165
v -0.104221 0.475137 0.042377
v -0.101283 0.517041 -0.072401
v -0.084195 0.438314 0.002758
v -0.068338 0.501896 -0.062852
v -0.084659 0.544026 -0.107073
v -0.071411 0.563318 -0.159991
v -0.014089 0.026695 -0.922161
v -0.056710 0.397668 -0.027214
v -0.046834 0.534361 -0.090518
v -0.056268 0.552569 -0.137001
v -0.037103 0.344999 -0.044208
v -0.036126 0.373343 -0.055601
v -0.034017 0.559954 -0.131755
v 0.004416 0.016973 -0.999996
v -0.011040 0.397006 -0.078423
v -0.452382 -0.000168 -0.999998
v -0.441381 0.000923 -0.950081
v -0.420718 0.018478 -0.880995
v -0.227981 0.019146 -0.931159
v 0.004399 0.017563 -1.000146
v -0.452398 0.017702 -1.000147
v -0.441398 0.018793 -0.950230
v -0.035484 0.587644 0.036801
v -0.045619 0.390473 -0.018690
v -0.003881 0.546389 0.006675
v -0.010049 0.400647 -0.045589
v 0.016391 0.438063 -0.058271
v 0.000480 0.399448 -0.420200
v 0.016302 0.334841 -0.460900
v 0.028215 0.321025 -0.493634
v 0.027978 0.588416 -0.180574
v 0.019518 0.623360 -0.247355
v 0.024464 0.556287 -0.301423
v 0.010773 0.514903 -0.363697
v 0.051458 0.363956 -0.390744
v 0.063798 0.451799 -0.337239
v 0.028505 0.334849 -0.412838
v 0.039940 0.600868 -0.003339
v 0.043090 0.513586 -0.155728
v 0.045928 0.539024 -0.209029
v 0.043595 0.525387 -0.267687
v 0.044911 0.524657 -0.309033
v 0.039535 0.325634 -0.426637
v 0.048403 0.306842 -0.458732
v 0.044747 0.313655 -0.490762
v 0.060301 0.543921 -0.247950
v 0.067613 0.535947 -0.292406
v 0.072927 0.369613 -0.427379
v 0.074978 0.282170 -0.477180
v 0.084343 0.579721 -0.270813
v 0.083982 0.421568 -0.379400
v 0.073157 0.296139 -0.513196
v 0.106995 0.643183 -0.237612
v 0.089498 0.503653 -0.306861
v 0.101296 0.493068 -0.337349
v 0.103220 0.366588 -0.433733
v 0.098072 0.282738 -0.481116
v 0.117047 0.568186 -0.285321
v 0.104335 0.277215 -0.520846
v 0.123664 0.262018 -0.474996
v 0.147827 0.224510 -0.508008
v 0.145285 0.300238 -0.458486
v 0.128538 0.246705 -0.539841
v 0.174356 0.222216 -0.512536
v 0.140817 0.216573 -0.568052
v 0.195271 0.271672 -0.487377
v 0.172227 0.201377 -0.540678
v 0.199807 0.176409 -0.573002
v 0.229080 0.260623 -0.503368
v 0.232933 0.158335 -0.596263
v 0.223217 0.200325 -0.546086
v 0.268464 0.239741 -0.538810
v 0.280209 0.150577 -0.606263
v 0.328487 0.187917 -0.570175
v 0.252560 0.142835 -0.645706
v 0.291292 0.118188 -0.688766
v 0.323692 0.136167 -0.628164
v 0.344978 0.116304 -0.647743
v 0.344897 0.089927 -0.716338
v 0.409696 0.147134 -0.600746
v 0.394350 0.058598 -0.760500
v 0.412566 0.082868 -0.681893
v 0.434987 0.129441 -0.607129
v 0.464246 0.061899 -0.703503
v 0.483798 0.087694 -0.636416
v 0.466885 0.030406 -0.804856
v 0.485783 0.129103 -0.584845
v 0.516858 0.063750 -0.677461
v 0.548712 0.076892 -0.626194
v 0.625896 0.027908 -0.721870
v 0.397291 0.024140 -0.874404
v 0.628935 0.020075 -0.777073
v 0.593307 0.045297 -0.678440
v 0.705580 0.037009 -0.575777
v 0.776369 0.024748 -0.562619
v 0.870795 0.020103 -0.492460
v 0.113649 0.401534 -0.392172
v 0.261857 0.020127 -0.966815
v 1.003269 0.019898 -1.012618
v 0.377557 0.089927 -0.674715
v -0.887214 0.025621 0.074293
v -0.871447 0.025977 -0.004410
v -0.840016 0.048935 -0.042002
v -0.808960 0.072281 0.078837
v -0.753722 0.117028 0.024927
v -0.754089 0.116029 -0.023076
v -0.712015 0.141666 -0.022388
v -0.698770 0.025977 -0.004410
v -0.667340 0.048935 -0.042002
v -0.636283 0.072281 0.078837
v -0.612578 0.084039 0.001002
v -0.581045 0.117028 0.024927
v -0.581412 0.116029 -0.023076
v -0.539338 0.141666 -0.022388
vn -0.0006 1.0000 0.0008
vn -0.1020 0.9948 0.0061
vn -0.0733 0.9973 -0.0046
vn -0.1870 0.9823 -0.0087
vn -0.2794 0.9596 -0.0327
vn -0.2345 0.9688 -0.0806
vn -0.0359 0.9990 -0.0280
vn -0.0918 0.9947 0.0462
vn -0.2810 0.9557 0.0882
vn -0.3783 0.9213 0.0904
vn -0.1949 0.9806 -0.0188
vn -0.4453 0.8930 -0.0649
vn -0.2895 0.9484 -0.1297
vn -0.4059 0.9018 0.1486
vn -0.6095 0.7921 -0.0324
vn -0.2754 0.9461 0.1707
vn -0.2649 0.9585 -0.1053
vn -0.3710 0.9133 -0.1677
vn -0.4814 0.8682 0.1207
vn -0.5208 0.8422 0.1397
vn -0.2512 0.9674 0.0324
vn -0.0000 1.0000 -0.0000
vn -0.0000 1.0000 0.0014
vn -0.6351 0.7705 -0.0550
vn -0.5185 0.8433 -0.1412
vn -0.3242 0.9241 -0.2025
vn -0.1885 0.9712 0.1460
vn -0.5694 0.8156 -0.1025
vn -0.5747 0.8044 -0.1503
vn -0.5867 0.7878 -0.1875
vn -0.0470 0.9978 0.0470
vn -0.0000 1.0000 0.0016
vn -0.4314 0.8702 0.2380
vn -0.4816 0.8569 0.1837
vn -0.5517 0.7483 -0.3684
vn -0.1285 0.9823 -0.1362
vn -0.2662 0.9383 0.2206
vn -0.6451 0.7590 0.0883
vn -0.5930 0.7845 -0.1812
vn -0.4843 0.8210 -0.3023
vn -0.2609 0.9465 -0.1901
vn -0.5512 0.8246 0.1274
vn -0.5848 0.7923 0.1739
vn -0.4790 0.7897 0.3832
vn -0.5996 0.7843 0.1589
vn -0.5133 0.7822 -0.3530
vn -0.5665 0.8028 -0.1861
vn -0.5800 0.8145 -0.0124
vn -0.3730 0.8862 -0.2748
vn -0.3445 0.8987 0.2715
vn -0.5095 0.8474 0.1497
vn -0.5355 0.8109 0.2359
vn -0.3827 0.8853 0.2642
vn -0.5802 0.8125 0.0571
vn -0.6735 0.7349 0.0789
vn -0.5539 0.7580 -0.3444
vn -0.1678 0.9692 0.1804
vn -0.7073 0.6846 0.1758
vn -0.5690 0.7199 -0.3975
vn -0.3772 0.8823 0.2816
vn -0.4362 0.8173 0.3766
vn -0.1256 0.8024 0.5834
vn -0.5659 0.6545 0.5014
vn -0.5300 0.8259 0.1924
vn -0.4242 0.7945 -0.4346
vn -0.4461 0.8410 -0.3061
vn -0.4827 0.8125 -0.3268
vn -0.2052 0.9520 -0.2272
vn -0.7064 0.5934 0.3858
vn -0.7450 0.6632 -0.0717
vn -0.4825 0.8341 0.2674
vn -0.5651 0.8246 -0.0268
vn -0.2307 0.8558 -0.4629
vn -0.4730 0.8023 -0.3642
vn -0.2868 0.9057 0.3121
vn -0.4371 0.8195 0.3706
vn -0.5442 0.7278 0.4174
vn -0.5278 0.8189 0.2253
vn -0.6105 0.7789 0.1436
vn -0.3724 0.7328 -0.5695
vn -0.4552 0.6613 0.5963
vn -0.4532 0.6069 0.6529
vn -0.5196 0.7259 -0.4506
vn -0.6013 0.7950 0.0801
vn -0.6835 0.6402 0.3507
vn -0.6241 0.4461 0.6415
vn -0.5272 0.8206 0.2208
vn -0.4654 0.8466 0.2582
vn -0.6626 0.7490 0.0003
vn -0.5372 0.8429 -0.0293
vn -0.5303 0.8386 -0.1246
vn -0.7055 0.6989 -0.1171
vn -0.7447 0.6633 -0.0743
vn -0.7464 0.6356 -0.1973
vn -0.7511 0.6191 -0.2292
vn -0.7893 0.5518 -0.2693
vn -0.4243 0.8373 -0.3447
vn -0.3485 0.8703 -0.3479
vn -0.1967 0.9452 0.2606
vn -0.0346 0.9971 0.0683
vn -0.5660 0.5820 0.5838
vn -0.5083 0.7552 0.4138
vn -0.7095 0.6980 0.0967
vn -0.6871 0.7265 -0.0117
vn -0.7637 0.6229 -0.1692
vn -0.4174 0.8613 0.2898
vn -0.6048 0.7911 -0.0921
vn -0.7250 0.6570 -0.2067
vn -0.7289 0.6682 0.1492
vn -0.6506 0.7117 -0.2650
vn -0.6918 0.7217 0.0235
vn -0.7348 0.6705 0.1024
vn -0.4454 0.7664 0.4629
vn -0.4439 0.8867 0.1293
vn -0.6623 0.7300 0.1685
vn -0.7757 0.6081 -0.1688
vn -0.8079 0.5690 -0.1534
vn -0.2988 0.9519 0.0675
vn -0.4326 0.8995 -0.0613
vn -0.7096 0.7015 -0.0663
vn -0.1895 0.9314 -0.3108
vn -0.4942 0.6011 0.6281
vn -0.5278 0.7886 0.3155
vn -0.2112 0.8150 0.5396
vn -0.6046 0.7638 0.2262
vn -0.6939 0.7165 0.0713
vn -0.6073 0.6414 -0.4688
vn -0.5753 0.6308 -0.5206
vn -0.5270 0.7332 -0.4298
vn -0.4967 0.8022 -0.3314
vn -0.4851 0.8364 -0.2554
vn -0.4530 0.8190 -0.3522
vn -0.4198 0.8316 0.3637
vn -0.5273 0.7355 0.4255
vn -0.5497 0.7342 0.3985
vn -0.6382 0.5655 0.5224
vn -0.7203 0.6555 0.2268
vn -0.6741 0.6556 0.3403
vn -0.5740 0.7845 0.2346
vn -0.7854 0.5911 -0.1838
vn -0.7807 0.5860 -0.2172
vn -0.5226 0.8460 0.1054
vn -0.6772 0.7210 0.1469
vn -0.5588 0.6508 -0.5140
vn -0.4459 0.7964 -0.4085
vn -0.3452 0.8103 -0.4736
vn -0.5766 0.6545 0.4890
vn -0.6096 0.6700 0.4236
vn -0.6250 0.7293 0.2784
vn -0.2942 0.9557 -0.0047
vn -0.6980 0.6079 0.3785
vn -0.7101 0.5891 0.3857
vn -0.7494 0.6191 0.2347
vn -0.6034 0.7410 -0.2946
vn -0.7863 0.5593 -0.2626
vn -0.7499 0.6606 0.0342
vn -0.6570 0.7119 0.2482
vn -0.7332 0.6742 0.0886
vn -0.6028 0.7704 -0.2075
vn -0.5231 0.6666 -0.5310
vn -0.4832 0.7855 -0.3867
vn -0.4890 0.6951 0.5270
vn -0.5811 0.5786 0.5723
vn -0.4808 0.8118 0.3314
vn -0.6851 0.7208 -0.1052
vn -0.6957 0.7124 -0.0925
vn -0.6372 0.7407 -0.2132
vn -0.6251 0.7805 -0.0011
vn -0.7115 0.6870 -0.1477
vn -0.0826 0.9755 0.2039
vn -0.2086 0.9189 0.3349
vn -0.2511 0.8789 0.4055
vn -0.2319 0.9032 0.3611
vn -0.3803 0.8064 0.4528
vn -0.5118 0.6622 0.5473
vn -0.7529 0.6531 0.0810
vn -0.7584 0.5976 -0.2601
vn -0.1379 0.8452 0.5164
vn -0.1575 0.8649 0.4767
vn -0.0552 0.7812 0.6219
vn -0.6228 0.7241 0.2962
vn -0.7370 0.6477 0.1931
vn -0.7176 0.6601 0.2221
vn -0.6581 0.7499 0.0678
vn -0.5682 0.6029 -0.5600
vn -0.5730 0.6156 -0.5410
vn -0.4500 0.8246 -0.3427
vn -0.4173 0.7844 -0.4589
vn -0.3887 0.7694 -0.5069
vn -0.2049 0.8813 -0.4259
vn -0.5530 0.6177 0.5591
vn -0.6700 0.6737 -0.3118
vn -0.7560 0.6443 -0.1153
vn -0.7882 0.5625 0.2497
vn -0.8100 0.5843 -0.0494
vn -0.8261 0.5335 -0.1816
vn -0.3151 0.8846 -0.3438
vn -0.4362 0.7283 -0.5285
vn -0.4739 0.8226 -0.3144
vn -0.3093 0.7502 -0.5844
vn -0.3422 0.8178 0.4627
vn -0.7275 0.5859 0.3571
vn -0.7328 0.6412 0.2277
vn -0.1559 0.9574 -0.2432
vn -0.8359 0.5362 -0.1174
vn -0.3831 0.9193 -0.0903
vn -0.5744 0.6638 -0.4790
vn -0.3928 0.6957 -0.6014
vn -0.4347 0.6996 0.5671
vn -0.5263 0.6318 0.5690
vn -0.6962 0.7099 -0.1065
vn -0.3941 0.7678 0.5052
vn -0.0179 0.7433 0.6687
vn -0.6541 0.6961 0.2960
vn -0.7005 0.5932 0.3966
vn -0.7005 0.6161 -0.3601
vn -0.0776 0.9711 -0.2255
vn -0.0371 0.9963 -0.0773
vn -0.3731 0.6879 0.6225
vn -0.0845 0.5464 0.8332
vn -0.5042 0.8579 0.0992
vn -0.8378 0.4417 0.3209
vn -0.8711 0.4687 -0.1464
vn -0.8243 0.4502 -0.3432
vn -0.1596 0.9347 0.3176
vn -0.5049 0.6550 0.5621
vn -0.4304 0.7610 0.4854
vn -0.6327 0.7077 -0.3144
vn -0.7334 0.6324 -0.2493
vn -0.7441 0.6568 -0.1224
vn -0.6741 0.7375 0.0406
vn -0.8514 0.4921 0.1815
vn -0.3683 0.6640 -0.6508
vn -0.1519 0.8562 -0.4937
vn -0.0033 0.9966 0.0818
vn -0.6873 0.6354 -0.3521
vn -0.6587 0.6365 -0.4012
vn -0.0909 0.6628 0.7432
vn -0.4172 0.8113 0.4095
vn -0.5543 0.7940 -0.2497
vn -0.7272 0.6272 -0.2788
vn -0.7359 0.6317 -0.2439
vn -0.7717 0.6102 0.1795
vn -0.6824 0.4961 0.5369
vn -0.8653 0.5003 -0.0321
vn -0.1350 0.8064 -0.5758
vn -0.1667 0.8865 -0.4316
vn -0.1469 0.9095 0.3890
vn -0.3275 0.8145 0.4789
vn -0.3697 0.7404 0.5613
vn -0.1081 0.5719 -0.8132
vn -0.1102 0.5704 -0.8140
vn -0.0478 0.6138 -0.7880
vn -0.2571 0.8845 0.3892
vn -0.2581 0.9013 0.3480
vn -0.3585 0.8172 0.4513
vn -0.4033 0.4401 0.8023
vn -0.3694 0.3941 0.8416
vn -0.7343 0.5825 -0.3486
vn -0.2640 0.7840 -0.5619
vn 0.3753 0.0863 -0.9229
vn -0.4824 0.8079 -0.3386
vn -0.4343 0.6725 -0.5993
vn -0.3179 0.6873 -0.6532
vn -0.4025 0.6679 0.6260
vn -0.3719 0.6250 0.6864
vn -0.5405 0.8007 0.2584
vn -0.4416 0.8775 -0.1868
vn -0.3372 0.9372 -0.0888
vn -0.6420 0.7584 -0.1125
vn -0.5467 0.8373 -0.0081
vn -0.5979 0.7632 -0.2449
vn -0.8531 0.5201 0.0422
vn -0.5638 0.5157 -0.6452
vn -0.6230 0.4839 -0.6146
vn -0.3347 0.7120 0.6173
vn -0.5080 0.8608 -0.0299
vn -0.1008 0.9598 0.2619
vn -0.5217 0.7227 0.4533
vn -0.6884 0.7173 -0.1076
vn -0.3130 0.4040 0.8596
vn -0.4777 0.7699 -0.4231
vn -0.2981 0.6959 -0.6533
vn -0.6386 0.6154 -0.4621
vn -0.4628 0.5848 0.6663
vn -0.3609 0.5895 0.7226
vn -0.6947 0.5673 -0.4422
vn -0.7382 0.5182 -0.4319
vn -0.6915 0.5707 -0.4429
vn 0.2417 0.4077 0.8806
vn 0.1301 0.5121 0.8490
vn -0.6815 0.7188 0.1374
vn -0.8482 0.3773 0.3717
vn -0.8957 0.4277 0.1217
vn -0.9006 0.3719 0.2248
vn -0.2884 0.9569 -0.0352
vn -0.3006 0.9536 -0.0194
vn -0.2902 0.9566 -0.0276
vn -0.5628 0.4939 -0.6628
vn -0.1188 0.6855 -0.7183
vn -0.0041 0.7501 -0.6613
vn -0.2105 0.7759 0.5946
vn 0.0193 0.8224 0.5685
vn -0.7862 0.6144 -0.0659
vn -0.5836 0.6233 0.5204
vn -0.5773 0.5511 0.6026
vn -0.3884 0.3730 0.8426
vn -0.0513 0.7894 -0.6117
vn -0.0417 0.8041 -0.5931
vn -0.0180 0.8379 -0.5456
vn -0.0234 0.8395 -0.5429
vn -0.3065 0.6500 0.6954
vn 0.0074 0.7130 0.7011
vn -0.0083 0.6298 0.7767
vn -0.1281 0.7208 0.6812
vn -0.8107 0.5854 -0.0118
vn -0.5344 0.5520 -0.6401
vn -0.4768 0.7537 -0.4523
vn -0.3328 0.7338 -0.5922
vn -0.8104 0.5824 -0.0634
vn -0.4582 0.7379 -0.4955
vn -0.0518 0.6467 -0.7610
vn -0.0687 0.6596 -0.7485
vn -0.1074 0.7824 -0.6134
vn -0.5789 0.5037 0.6412
vn 0.2442 0.8716 0.4250
vn 0.0102 0.8944 0.4471
vn -0.1050 0.9778 0.1812
vn 0.0801 0.9556 0.2836
vn -0.0943 0.9393 0.3300
vn -0.3022 0.5432 -0.7833
vn 0.1337 0.4267 0.8944
vn 0.4876 0.7429 0.4586
vn 0.6975 0.5268 0.4858
vn 0.6121 0.5213 0.5946
vn -0.2604 0.9612 0.0912
vn -0.1433 0.7826 -0.6058
vn 0.0559 0.6984 -0.7135
vn -0.1506 0.8444 0.5141
vn -0.1028 0.9347 0.3404
vn -0.1529 0.8823 0.4451
vn -0.2854 0.9096 0.3020
vn -0.2120 0.8674 0.4502
vn -0.3599 0.8780 0.3157
vn 0.0342 0.9388 0.3428
vn -0.4866 0.7781 -0.3973
vn -0.4861 0.7785 -0.3971
vn -0.4816 0.7821 -0.3954
vn -0.5490 0.3443 -0.7617
vn -0.5876 0.4153 -0.6945
vn -0.6158 0.4159 -0.6692
vn 0.3248 0.8927 0.3123
vn 0.1334 0.9272 0.3500
vn 0.8244 0.5658 -0.0164
vn 0.8198 0.5542 -0.1442
vn 0.8868 0.4386 -0.1456
vn -0.7195 0.5467 0.4284
vn -0.7345 0.5479 0.4005
vn -0.8519 0.4667 0.2377
vn -0.5165 0.6581 -0.5478
vn -0.0000 -0.0084 -1.0000
vn 0.2714 0.9276 0.2567
vn -0.2281 0.5281 0.8180
vn -0.4175 0.4154 0.8082
vn -0.3557 0.4359 0.8267
vn -0.5193 0.8024 0.2940
vn -0.5399 0.7764 0.3251
vn -0.7630 0.6416 0.0786
vn -0.7915 0.5848 0.1777
vn -0.4603 0.4450 0.7682
vn 0.1851 0.7699 -0.6107
vn 0.2032 0.7783 -0.5942
vn 0.1252 0.7392 -0.6618
vn 0.8643 0.4986 0.0660
vn 0.9085 0.3664 -0.2010
vn -0.7771 0.5352 0.3312
vn -0.5189 0.6325 -0.5751
vn -0.5603 0.7721 -0.2997
vn -0.1333 0.8101 -0.5709
vn -0.0763 0.8782 -0.4721
vn -0.1194 0.9279 0.3533
vn -0.2953 0.6794 0.6717
vn -0.2238 0.8366 0.5000
vn -0.1781 0.4847 0.8563
vn 0.0550 0.5139 0.8561
vn -0.2416 0.4735 0.8470
vn -0.1340 0.4177 0.8987
vn 0.0091 0.4700 0.8826
vn -0.4494 0.8194 -0.3557
vn -0.5070 0.7955 -0.3319
vn -0.3127 0.7939 -0.5215
vn 0.1111 0.7312 -0.6730
vn 0.0527 0.6311 -0.7739
vn -0.0484 0.4320 -0.9006
vn 0.1014 0.6315 -0.7687
vn 0.1094 0.6753 -0.7294
vn 0.0580 0.6819 -0.7291
vn 0.1334 0.7452 -0.6534
vn -0.0505 0.7390 -0.6718
vn -0.0833 0.9110 -0.4040
vn -0.0617 0.9767 0.2056
vn -0.1252 0.7961 0.5921
vn -0.1610 0.7968 0.5823
vn -0.4905 0.3725 0.7878
vn -0.5979 0.4830 0.6396
vn -0.6521 0.4378 0.6189
vn 0.1648 0.9698 0.1797
vn 0.1256 0.9723 0.1974
vn 0.2049 0.9654 0.1611
vn -0.6220 0.6521 -0.4334
vn -0.6643 0.5425 -0.5142
vn -0.5490 0.5425 -0.6359
vn -0.1647 0.9121 -0.3755
vn -0.1097 0.9264 -0.3602
vn -0.1492 0.8582 -0.4912
vn -0.1137 0.8225 0.5573
vn -0.1274 0.7496 0.6496
vn -0.2936 0.7516 0.5907
vn -0.6832 0.7298 0.0251
vn -0.6786 0.7257 0.1131
vn -0.6742 0.7214 0.1584
vn -0.6734 0.4186 0.6093
vn 0.7731 0.6113 0.1691
vn 0.8144 0.5697 0.1109
vn 0.8678 0.4967 0.0182
vn 0.2593 0.6670 -0.6985
vn 0.4318 0.5233 -0.7347
vn 0.5360 0.6468 -0.5425
vn -0.2015 0.5380 0.8185
vn -0.1256 0.5668 0.8142
vn -0.2367 0.5233 0.8187
vn -0.5537 0.8315 0.0442
vn -0.4036 0.7549 0.5170
vn -0.0333 0.8521 0.5223
vn 0.0482 0.9518 0.3028
vn -0.8044 0.5643 -0.1856
vn -0.8022 0.5964 0.0285
vn -0.8520 0.4644 0.2417
vn -0.0661 0.5404 0.8388
vn -0.0166 0.5072 0.8617
vn 0.3586 0.3483 0.8661
vn 0.2031 0.4114 0.8885
vn 0.3911 0.3744 0.8408
vn 0.4219 0.8113 -0.4046
vn 0.6460 0.7045 -0.2939
vn -0.7957 0.4336 0.4230
vn -0.6255 0.7484 0.2206
vn -0.8255 0.4416 0.3515
vn -0.0050 0.7458 -0.6662
vn 0.0010 0.8108 -0.5854
vn -0.1811 0.7987 0.5738
vn -0.1312 0.7157 0.6859
vn 0.4038 0.9041 0.1395
vn 0.4801 0.8571 0.1870
vn -0.6105 0.7685 0.1917
vn -0.6322 0.7501 -0.1939
vn 0.8770 0.3219 0.3568
vn 0.8951 0.2993 0.3304
vn 0.8258 0.3760 0.4204
vn 0.7233 0.5789 -0.3765
vn 0.7290 0.6440 -0.2321
vn -0.1329 0.9892 -0.0614
vn -0.2299 0.5866 -0.7766
vn -0.2726 0.5825 -0.7658
vn -0.4617 0.5662 -0.6829
vn 0.0469 0.4332 -0.9001
vn -0.0542 0.4590 -0.8868
vn 0.0104 0.7685 -0.6398
vn -0.0872 0.6479 0.7567
vn -0.4852 0.3502 0.8012
vn -0.5666 0.3130 0.7622
vn -0.3823 0.5010 0.7764
vn -0.8148 0.5383 0.2151
vn -0.1011 0.8496 -0.5176
vn 0.0406 0.9406 -0.3372
vn -0.0573 0.8946 -0.4432
vn -0.2447 0.8403 0.4838
vn -0.2251 0.7484 0.6239
vn -0.1806 0.6895 0.7014
vn -0.2316 0.7061 0.6692
vn -0.1342 0.5991 0.7894
vn 0.0205 0.7488 0.6625
vn -0.1264 0.8576 0.4985
vn -0.1302 0.7650 0.6307
vn 0.0621 0.9312 0.3591
vn -0.3868 0.3487 0.8537
vn -0.2287 0.5372 0.8118
vn -0.4858 0.4579 0.7445
vn -0.0270 0.6581 0.7524
vn 0.3350 0.6120 -0.7164
vn 0.2731 0.6445 -0.7141
vn 0.2717 0.6412 -0.7177
vn -0.6132 0.6987 -0.3687
vn -0.6675 0.7073 -0.2327
vn -0.7318 0.6739 -0.1016
vn 0.0725 0.7112 -0.6993
vn 0.1339 0.7814 -0.6095
vn -0.1857 0.3175 0.9299
vn -0.1841 0.5139 0.8379
vn -0.0463 0.6467 0.7613
vn -0.0048 0.7013 0.7129
vn -0.7018 0.7121 -0.0174
vn -0.7362 0.6695 0.0987
vn -0.6073 0.5809 -0.5419
vn -0.6282 0.4906 -0.6039
vn -0.7016 0.3218 -0.6357
vn -0.5313 0.3058 -0.7901
vn 0.9555 0.2575 0.1436
vn 0.9276 0.3731 -0.0202
vn 0.9567 0.2361 0.1702
vn -0.7553 0.6552 0.0162
vn 0.0608 0.4497 -0.8911
vn 0.0124 0.4308 -0.9024
vn -0.1463 0.6272 -0.7650
vn 0.0397 0.7182 -0.6947
vn -0.1569 0.8902 -0.4276
vn -0.0566 0.8819 0.4680
vn -0.0222 0.7992 0.6007
vn 0.0514 0.7046 0.7077
vn 0.1554 0.7976 0.5828
vn -0.1482 0.7639 0.6281
vn -0.1818 0.5809 0.7934
vn -0.4753 0.7956 -0.3757
vn -0.4687 0.3861 -0.7945
vn 0.9162 0.3969 -0.0560
vn 0.8240 0.5111 -0.2444
vn -0.1863 0.9112 -0.3675
vn -0.3854 0.9115 0.1436
vn -0.3253 0.8770 0.3536
vn -0.4127 0.8998 0.1419
vn -0.4285 0.9023 -0.0476
vn -0.5456 0.8340 0.0825
vn -0.4875 0.7845 0.3834
vn 0.2118 0.8294 -0.5170
vn -0.0077 0.9187 -0.3949
vn -0.2954 0.7504 0.5913
vn -0.1200 0.7812 0.6127
vn -0.0289 0.8096 0.5862
vn -0.2214 0.8531 0.4723
vn -0.6925 0.7212 0.0185
vn 0.1601 0.3983 -0.9032
vn 0.1467 0.4075 -0.9013
vn 0.1150 0.4869 -0.8659
vn -0.3725 0.6026 -0.7058
vn -0.1620 0.6862 -0.7091
vn -0.0059 0.9831 0.1831
vn -0.0388 0.9302 0.3649
vn -0.1866 0.8101 0.5558
vn 0.7257 0.6715 -0.1496
vn 0.6676 0.6950 -0.2670
vn 0.6004 0.7381 -0.3077
vn -0.1565 0.7446 0.6489
vn -0.0549 0.7492 0.6601
vn -0.2521 0.7329 0.6319
vn 0.1407 0.5753 0.8058
vn 0.3893 0.6167 0.6842
vn 0.3668 0.6291 0.6854
vn 0.7678 0.5166 -0.3789
vn -0.4551 0.4324 -0.7784
vn -0.4339 0.2718 -0.8590
vn -0.4099 0.8648 0.2899
vn -0.4914 0.8667 0.0857
vn 0.1390 0.5430 -0.8282
vn -0.2135 0.7194 -0.6610
vn 0.1230 0.7556 -0.6433
vn 0.2234 0.7058 -0.6723
vn -0.0391 0.8156 0.5773
vn 0.1088 0.7537 0.6482
vn -0.2262 0.7420 0.6311
vn 0.4654 0.7405 -0.4848
vn 0.5030 0.7210 -0.4766
vn -0.0739 0.3991 0.9139
vn -0.2389 0.5275 0.8153
vn 0.2648 0.4429 0.8566
vn 0.3169 0.9356 -0.1558
vn -0.6432 0.4424 -0.6250
vn 0.3984 0.6098 -0.6851
vn 0.3515 0.6588 -0.6651
vn 0.5037 0.4783 -0.7194
vn -0.4320 0.7960 -0.4239
vn -0.6658 0.7299 -0.1551
vn 0.0486 0.6517 -0.7570
vn -0.0582 0.7028 -0.7090
vn -0.1550 0.6810 -0.7157
vn -0.0126 0.8486 0.5289
vn 0.0957 0.6889 0.7186
vn -0.2157 0.7090 0.6714
vn -0.3243 0.7940 0.5142
vn -0.3984 0.8372 0.3746
vn -0.2092 0.2995 0.9309
vn -0.8797 0.3920 0.2690
vn -0.8637 0.4573 0.2120
vn -0.8814 0.3594 0.3064
vn -0.8703 0.3589 0.3373
vn 0.8653 0.4928 -0.0912
vn 0.8720 0.4792 -0.1000
vn 0.9083 0.3883 -0.1557
vn 0.2039 0.3888 -0.8985
vn 0.1828 0.4480 -0.8752
vn -0.0220 0.7615 -0.6478
vn -0.0261 0.7861 -0.6175
vn -0.0895 0.6155 -0.7830
vn -0.2280 0.8644 -0.4483
vn -0.0240 0.9075 -0.4194
vn -0.0384 0.9350 -0.3527
vn -0.0050 0.9671 -0.2544
vn -0.0498 0.8062 0.5895
vn 0.1409 0.4795 0.8662
vn -0.1823 0.8856 0.4271
vn 0.0293 0.8931 0.4489
vn 0.2090 0.8804 0.4258
vn 0.4624 0.7118 0.5286
vn -0.4790 0.6264 -0.6150
vn -0.4710 0.6220 -0.6256
vn -0.4701 0.6229 -0.6253
vn -0.5921 0.8045 -0.0462
vn -0.6209 0.4189 -0.6626
vn -0.8036 0.2456 0.5421
vn 0.2261 0.7946 0.5635
vn 0.2256 0.7681 0.5993
vn 0.2257 0.7749 0.5904
vn 0.2249 0.7482 0.6242
vn -0.3856 0.8632 0.3258
vn -0.0064 0.9385 0.3453
vn 0.2046 0.9496 -0.2375
vn 0.1375 0.9796 -0.1464
vn 0.1268 0.9721 -0.1972
vn 0.3613 0.3691 -0.8563
vn 0.1212 0.5102 -0.8515
vn 0.0877 0.6520 -0.7532
vn 0.0161 0.7354 -0.6775
vn -0.1344 0.8965 -0.4221
vn 0.0163 0.9356 0.3527
vn -0.2414 0.8542 0.4604
vn -0.2481 0.8595 0.4468
vn 0.2012 0.5852 0.7855
vn 0.2274 0.5818 0.7809
vn -0.1512 0.7604 0.6317
vn -0.3420 0.7519 0.5637
vn -0.1635 0.8384 0.5199
vn 0.1422 0.9119 0.3851
vn 0.7325 0.6772 -0.0694
vn -0.0699 0.5844 -0.8084
vn -0.0726 0.6928 -0.7174
vn -0.2740 0.6024 -0.7497
vn -0.0539 0.5616 -0.8256
vn -0.7780 0.6259 -0.0554
vn -0.7867 0.6021 0.1362
vn -0.8370 0.5467 0.0240
vn 0.0604 0.9870 -0.1491
vn 0.2602 0.4042 -0.8769
vn 0.4727 0.3530 -0.8074
vn 0.5038 0.4219 -0.7538
vn 0.1010 0.5599 -0.8224
vn -0.1332 0.7575 -0.6391
vn 0.0271 0.6924 -0.7210
vn 0.0828 0.9311 -0.3552
vn 0.0735 0.9478 -0.3101
vn 0.0976 0.6433 0.7594
vn 0.4263 0.7724 0.4708
vn 0.3284 0.6442 0.6908
vn 0.5175 0.4763 0.7108
vn -0.0049 0.4674 0.8840
vn 0.4962 0.4468 0.7444
vn 0.5340 0.3680 0.7612
vn -0.0169 0.5616 0.8273
vn 0.1767 0.9112 0.3721
vn 0.2531 0.9485 -0.1904
vn 0.4616 0.8719 -0.1632
vn 0.3994 0.8803 -0.2562
vn -0.0044 0.7561 -0.6544
vn -0.5181 0.6212 -0.5880
vn -0.7988 0.5922 -0.1056
vn -0.8702 0.4877 0.0697
vn -0.0755 0.9968 0.0251
vn -0.0446 0.9990 0.0040
vn 0.0841 0.8317 -0.5488
vn 0.1949 0.8427 -0.5019
vn 0.0233 0.7642 0.6446
vn 0.2233 0.6664 0.7114
vn -0.5651 0.8100 0.1563
vn -0.4401 0.8871 0.1392
vn -0.5073 0.8503 0.1401
vn 0.3344 0.8477 0.4118
vn 0.3470 0.8072 0.4775
vn -0.1726 0.9818 -0.0793
vn -0.0194 0.9927 -0.1191
vn 0.1874 0.9678 -0.1679
vn -0.0205 0.7513 0.6597
vn 0.0536 0.4782 0.8766
vn -0.1124 0.7810 -0.6144
vn 0.0823 0.7937 0.6027
vn 0.9047 0.2848 -0.3169
vn 0.9111 0.2974 -0.2856
vn 0.8994 0.2753 -0.3397
vn 0.0775 0.6459 -0.7595
vn -0.0343 0.7865 0.6166
vn -0.3238 0.7980 -0.5083
vn -0.3042 0.8879 -0.3451
vn -0.2980 0.9047 -0.3044
vn -0.2706 0.9505 -0.1526
vn -0.3760 0.7191 0.5844
vn -0.3355 0.7355 0.5886
vn -0.3574 0.7127 0.6036
vn 0.5593 0.4693 0.6833
vn -0.5577 0.5986 -0.5750
vn -0.5814 0.6247 -0.5212
vn -0.0119 0.9569 -0.2901
vn -0.7931 0.4455 -0.4154
vn -0.9013 0.3759 -0.2154
vn -0.8478 0.4349 -0.3034
vn -0.4910 0.7716 0.4045
vn -0.3972 0.8615 0.3164
vn -0.3867 0.6980 0.6027
vn 0.0689 0.6624 -0.7460
vn 0.0354 0.9158 -0.4001
vn 0.0197 0.9925 0.1204
vn 0.0661 0.7093 0.7018
vn 0.3662 0.5430 0.7557
vn 0.3205 0.6706 0.6690
vn 0.0995 0.7860 0.6102
vn -0.0461 0.6630 0.7472
vn -0.3065 0.8900 0.3376
vn 0.0810 0.7803 0.6201
vn 0.5678 0.5869 0.5771
vn 0.4780 0.5568 0.6793
vn 0.6540 0.7502 -0.0973
vn 0.5351 0.8290 -0.1625
vn 0.4487 0.8622 -0.2351
vn 0.4012 0.8868 -0.2294
vn 0.6090 0.3785 -0.6970
vn 0.8345 0.4307 -0.3437
vn 0.7730 0.3877 -0.5021
vn 0.3945 0.8299 0.3946
vn 0.3869 0.8351 0.3910
vn 0.4386 0.8078 0.3937
vn 0.5641 0.7594 0.3243
vn 0.1248 0.7245 -0.6779
vn 0.1286 0.9422 -0.3095
vn 0.0346 0.9680 -0.2485
vn 0.0648 0.8438 0.5328
vn 0.0483 0.8814 0.4700
vn -0.0240 0.7044 0.7094
vn 0.4589 0.8880 0.0310
vn 0.4585 0.8883 0.0263
vn 0.4579 0.8889 0.0167
vn 0.4572 0.8893 0.0085
vn -0.2565 0.7123 0.6534
vn -0.1128 0.7924 0.5995
vn 0.0691 0.8133 -0.5777
vn 0.0869 0.9365 -0.3398
vn 0.1340 0.9045 -0.4048
vn 0.6146 0.3958 -0.6823
vn 0.8724 0.4051 -0.2734
vn -0.9565 0.2914 -0.0144
vn -0.9682 0.2502 0.0015
vn -0.9459 0.2897 -0.1462
vn 0.0448 0.7850 -0.6179
vn 0.4036 0.5536 0.7285
vn 0.6023 0.4871 0.6324
vn 0.6532 0.2853 0.7014
vn 0.7133 0.2693 0.6471
vn 0.7381 0.2325 0.6334
vn -0.3401 0.2859 -0.8959
vn -0.6803 0.5059 0.5304
vn -0.7324 0.4699 0.4927
vn -0.7711 0.4394 0.4608
vn -0.9414 0.3288 -0.0758
vn -0.9343 0.3547 0.0366
vn -0.8494 0.3593 0.3865
vn -0.8890 0.3564 0.2874
vn -0.1006 0.8530 -0.5121
vn -0.0058 0.9241 -0.3820
vn 0.0831 0.7979 0.5970
vn -0.0937 0.7536 0.6506
vn -0.0895 0.9317 0.3520
vn 0.1788 0.6749 0.7159
vn -0.0265 0.7360 0.6765
vn -0.2719 0.6904 0.6704
vn -0.4926 0.8506 0.1841
vn -0.3743 0.8155 0.4415
vn -0.3014 0.9525 0.0436
vn -0.3723 0.9229 0.0981
vn -0.3904 0.9160 0.0924
vn 0.7171 0.5585 0.4170
vn 0.8090 0.3885 0.4412
vn 0.8605 0.4108 0.3014
vn -0.5072 0.7975 -0.3267
vn -0.4719 0.8120 -0.3435
vn -0.5114 0.7956 -0.3246
vn -0.3209 0.8587 -0.3995
vn -0.2879 0.8492 -0.4427
vn -0.4427 0.8704 -0.2152
vn 0.2726 0.4422 -0.8545
vn 0.2441 0.3719 -0.8956
vn 0.2748 0.4477 -0.8509
vn -0.9133 0.3475 -0.2126
vn -0.9448 0.3248 0.0433
vn -0.9357 0.2859 0.2068
vn -0.3690 0.7833 -0.5002
vn -0.3994 0.8357 -0.3769
vn -0.5761 0.7434 -0.3399
vn -0.4572 0.8552 -0.2441
vn -0.5582 0.6797 -0.4759
vn 0.2035 0.6322 -0.7476
vn 0.1760 0.6595 -0.7308
vn 0.1593 0.7259 -0.6691
vn -0.0748 0.9100 -0.4078
vn 0.3327 0.6161 0.7139
vn 0.7926 0.2733 0.5450
vn -0.7567 0.2725 0.5943
vn -0.7005 0.2843 -0.6546
vn -0.4639 0.6651 -0.5852
vn -0.0730 0.4891 -0.8691
vn 0.1862 0.5925 -0.7837
vn 0.1342 0.5411 -0.8302
vn 0.0324 0.9115 -0.4099
vn 0.0669 0.9113 -0.4062
vn -0.3600 0.8840 0.2982
vn -0.3245 0.8954 0.3050
vn -0.4464 0.8561 0.2604
vn 0.3904 0.5413 0.7447
vn 0.4692 0.7197 0.5117
vn 0.5367 0.5962 0.5971
vn 0.5140 0.6076 0.6055
vn 0.5533 0.6053 0.5723
vn 0.0633 0.9695 0.2367
vn -0.0654 0.9977 -0.0153
vn 0.2985 0.8247 0.4804
vn 0.3600 0.8426 0.4006
vn 0.2943 0.7951 0.5303
vn 0.4157 0.6383 0.6479
vn -0.3217 0.9418 0.0978
vn -0.1953 0.9804 0.0258
vn 0.5522 0.7199 0.4205
vn 0.4776 0.7361 0.4797
vn 0.3415 0.8198 0.4598
vn 0.9318 0.3198 0.1716
vn -0.5123 0.5311 -0.6749
vn -0.5597 0.5638 -0.6073
vn -0.5994 0.5251 -0.6042
vn -0.4409 0.8647 -0.2408
vn -0.4409 0.8967 -0.0384
vn -0.4344 0.8370 -0.3326
vn 0.0889 0.7268 -0.6811
vn 0.1844 0.9518 -0.2453
vn 0.1355 0.8863 -0.4428
vn 0.1688 0.8268 -0.5365
vn -0.0946 0.9044 0.4161
vn 0.1493 0.9244 0.3510
vn 0.0848 0.9942 0.0662
vn 0.0427 0.9316 -0.3611
vn 0.1969 0.6972 0.6893
vn -0.0172 0.7454 0.6664
vn -0.3775 0.8850 0.2725
vn 0.4671 0.7273 0.5029
vn 0.5118 0.8480 -0.1376
vn -0.0216 0.3557 0.9344
vn 0.1328 0.3024 0.9439
vn -0.0262 0.3585 0.9331
vn 0.2402 0.9705 0.0206
vn 0.1356 0.7285 -0.6715
vn 0.0156 0.8034 0.5953
vn 0.4472 0.5854 -0.6763
vn 0.4873 0.5125 -0.7071
vn 0.3544 0.7004 -0.6195
vn 0.2572 0.5001 -0.8269
vn 0.3927 0.6037 -0.6937
vn 0.2112 0.5533 -0.8057
vn 0.1861 0.6503 -0.7365
vn 0.0729 0.9355 0.3456
vn 0.0763 0.8077 0.5847
vn 0.4905 0.7811 0.3864
vn 0.4578 0.8262 0.3283
vn 0.3991 0.7020 0.5898
vn 0.9247 0.3278 -0.1934
vn 0.8972 0.3130 -0.3115
vn -0.5301 0.5647 -0.6325
vn 0.5449 0.8212 -0.1694
vn 0.2538 0.8137 -0.5230
vn 0.1258 0.9412 -0.3136
vn -0.2775 0.9272 0.2516
vn -0.0809 0.9925 0.0917
vn -0.0422 0.9986 0.0304
vn 0.3516 0.9083 0.2266
vn 0.1671 0.9785 -0.1211
vn 0.3874 0.9000 -0.1998
vn 0.0951 0.3056 0.9474
vn 0.5174 0.7770 0.3585
vn 0.6122 0.7384 0.2828
vn 0.5579 0.7726 0.3030
vn 0.1739 0.7753 -0.6071
vn 0.2969 0.6757 -0.6748
vn -0.2255 0.9680 0.1101
vn -0.3058 0.9303 0.2028
vn -0.3666 0.8665 0.3389
vn 0.4906 0.6049 -0.6273
vn 0.3502 0.5801 -0.7354
vn 0.0610 0.9378 -0.3418
vn 0.2112 0.7080 0.6739
vn 0.5894 0.5977 0.5435
vn 0.7389 0.5942 0.3176
vn 0.4328 0.8570 0.2797
vn 0.1944 0.8147 0.5464
vn 0.0266 0.9399 0.3404
vn 0.6300 0.4213 0.6524
vn 0.6251 0.4220 0.6567
vn 0.6706 0.4148 0.6150
vn 0.1570 0.3027 0.9401
vn -0.4407 0.8968 -0.0383
vn -0.3151 0.9336 -0.1705
vn -0.3859 0.9158 0.1111
vn -0.2699 0.5726 -0.7741
vn -0.4675 0.6199 -0.6302
vn 0.7437 0.6386 0.1976
vn 0.7285 0.6604 0.1822
vn 0.5444 0.5161 -0.6613
vn 0.4500 0.5530 -0.7012
vn 0.0636 0.9559 -0.2866
vn 0.1080 0.9631 -0.2464
vn 0.0173 0.9981 -0.0586
vn -0.0003 1.0000 -0.0099
vn 0.0175 0.9939 -0.1086
vn 0.2368 0.8621 0.4480
vn 0.3254 0.7105 0.6240
vn 0.1576 0.6691 0.7262
vn 0.2090 0.9628 -0.1713
vn 0.6147 0.5613 0.5542
vn 0.3675 0.6570 0.6583
vn 0.2756 0.8522 0.4449
vn 0.7079 0.3876 0.5905
vn 0.6671 0.3901 0.6346
vn 0.8153 0.4041 0.4146
vn 0.8350 0.5365 0.1224
vn -0.3308 0.8258 -0.4568
vn 0.4147 0.7171 -0.5602
vn 0.7033 0.5548 -0.4445
vn 0.4190 0.5197 -0.7445
vn 0.1039 0.9241 -0.3679
vn 0.1583 0.7976 0.5821
vn 0.3280 0.6606 0.6753
vn 0.5847 0.6984 0.4127
vn 0.4482 0.7328 0.5120
vn 0.1470 0.9720 -0.1834
vn 0.7577 0.5277 0.3840
vn 0.5917 0.7071 0.3872
vn 0.7651 0.4782 0.4312
vn 0.7886 0.6149 -0.0077
vn 0.7299 0.6505 -0.2102
vn 0.2256 0.5329 -0.8156
vn 0.1074 0.9229 -0.3698
vn 0.0541 0.8630 -0.5023
vn 0.1128 0.8944 -0.4327
vn 0.0346 0.9982 0.0499
vn 0.1044 0.9712 0.2143
vn 0.1588 0.9234 0.3493
vn 0.4238 0.8181 0.3889
vn 0.0636 0.9374 -0.3425
vn 0.5255 0.8007 0.2877
vn 0.8067 0.4641 0.3658
vn 0.6213 0.5658 0.5421
vn 0.1821 0.8972 0.4023
vn 0.7635 0.4223 0.4886
vn 0.7666 0.3982 0.5038
vn 0.8126 0.5472 0.2009
vn 0.8485 0.5292 -0.0011
vn 0.7848 0.6134 0.0881
vn 0.1528 0.4860 -0.8605
vn 0.1703 0.4355 -0.8839
vn 0.4725 0.5242 -0.7085
vn 0.4931 0.5843 -0.6446
vn 0.3411 0.6723 -0.6570
vn 0.1272 0.8564 -0.5003
vn 0.7716 0.5703 -0.2819
vn 0.6051 0.5916 -0.5328
vn 0.3031 0.5710 -0.7630
vn 0.0242 0.7254 -0.6879
vn 0.0307 0.7508 -0.6598
vn -0.0105 0.7513 -0.6599
vn -0.0504 0.9271 -0.3714
vn 0.2644 0.8730 0.4098
vn 0.4985 0.7695 0.3992
vn 0.4714 0.5454 0.6931
vn 0.3225 0.3554 0.8773
vn 0.5618 0.4656 0.6838
vn 0.4051 0.4907 0.7714
vn 0.8546 0.5158 -0.0603
vn 0.0399 0.7865 -0.6164
vn 0.3686 0.7372 0.5663
vn 0.6027 0.6727 -0.4293
vn 0.7369 0.6454 -0.2010
vn 0.4066 0.5303 -0.7439
vn -0.1375 0.8524 -0.5045
vn 0.1819 0.9415 -0.2838
vn 0.2143 0.8122 -0.5426
vn 0.3772 0.8612 -0.3406
vn 0.1102 0.8744 -0.4725
vn 0.4004 0.6680 0.6272
vn 0.3420 0.8760 0.3402
vn 0.2975 0.8655 0.4030
vn 0.6163 0.7875 0.0091
vn 0.6309 0.7756 -0.0192
vn 0.2679 0.9181 -0.2921
vn 0.8501 0.5245 0.0480
vn 0.8479 0.5271 -0.0568
vn 0.8189 0.5361 0.2049
vn 0.7027 0.4652 0.5384
vn 0.7802 0.6114 0.1321
vn 0.7170 0.6796 0.1553
vn 0.3694 0.7378 0.5650
vn 0.5982 0.7025 0.3856
vn 0.5461 0.7287 0.4131
vn -0.2878 0.9455 0.1522
vn -0.3184 0.9442 0.0840
vn -0.1614 0.9849 0.0624
vn 0.3128 0.8773 0.3640
vn 0.3733 0.7747 0.5104
vn 0.2135 0.6207 0.7544
vn 0.2905 0.5709 0.7679
vn 0.2049 0.4059 -0.8907
vn 0.3061 0.3713 -0.8766
vn 0.5214 0.3066 -0.7964
vn 0.8215 0.5517 0.1436
vn 0.8115 0.5661 0.1450
vn 0.7863 0.5998 0.1482
vn 0.7092 0.5721 -0.4120
vn 0.4110 0.5843 -0.6998
vn 0.4164 0.7465 -0.5190
vn 0.6725 0.6538 -0.3467
vn 0.5240 0.6933 -0.4948
vn 0.4481 0.6835 -0.5762
vn 0.3767 0.8154 -0.4396
vn 0.1852 0.9143 0.3603
vn 0.4344 0.7755 0.4582
vn 0.0082 0.7127 0.7014
vn -0.0181 0.6985 0.7154
vn -0.0146 0.6993 0.7147
vn -0.0327 0.7642 0.6441
vn 0.7639 0.3708 0.5282
vn 0.8382 0.4541 0.3020
vn 0.6149 0.6435 -0.4558
vn 0.6136 0.6890 -0.3857
vn 0.5472 0.6319 -0.5488
vn 0.3597 0.5399 -0.7610
vn 0.7312 0.6663 -0.1462
vn 0.3971 0.5095 -0.7633
vn 0.4839 0.8261 0.2888
vn 0.6140 0.7831 -0.0988
vn 0.4973 0.8222 0.2770
vn 0.1759 0.8675 -0.4652
vn 0.2446 0.8801 0.4070
vn 0.4163 0.8115 0.4100
vn -0.1965 0.7753 0.6003
vn -0.0513 0.7493 0.6602
vn 0.0770 0.8066 0.5861
vn 0.1570 0.5966 0.7870
vn 0.6412 0.7673 0.0063
vn 0.6030 0.7971 -0.0322
vn 0.5867 0.8030 -0.1051
vn -0.0960 0.7565 0.6469
vn -0.0446 0.7075 0.7053
vn 0.8322 0.5460 -0.0966
vn 0.8162 0.5753 -0.0535
vn 0.3885 0.4868 -0.7824
vn 0.4446 0.5665 -0.6938
vn 0.3359 0.8617 -0.3802
vn 0.0898 0.8734 0.4786
vn 0.0991 0.8682 0.4863
vn 0.1508 0.8935 0.4229
vn 0.1909 0.9586 0.2114
vn 0.2711 0.9056 0.3262
vn -0.4470 0.8936 -0.0415
vn 0.6779 0.4795 -0.5572
vn 0.6633 0.4776 -0.5761
vn 0.4480 0.6649 -0.5977
vn 0.6843 0.5209 0.5103
vn 0.6652 0.4862 -0.5667
vn 0.6685 0.5164 -0.5351
vn 0.6751 0.5131 -0.5301
vn 0.3434 0.6973 -0.6292
vn 0.3730 0.9278 0.0034
vn 0.1419 0.9175 -0.3717
vn 0.4823 0.7289 0.4860
vn -0.0086 0.9863 0.1647
vn -0.0248 0.9997 0.0051
vn 0.0215 0.9102 0.4135
vn 0.0715 0.7831 0.6178
vn 0.4363 0.3617 0.8239
vn 0.4655 0.5829 0.6660
vn 0.5650 0.6226 0.5415
vn -0.0249 0.9531 0.3018
vn 0.5749 0.4954 -0.6513
vn 0.5816 0.5538 0.5958
vn 0.6263 0.4848 0.6105
vn 0.5609 0.5995 0.5709
vn 0.1944 0.5542 -0.8094
vn 0.7269 0.6437 -0.2391
vn 0.3565 0.6424 -0.6784
vn 0.3850 0.8661 -0.3187
vn 0.4486 0.7271 -0.5197
vn 0.4717 0.8337 -0.2872
vn 0.1529 0.9123 0.3800
vn 0.2908 0.8433 0.4520
vn 0.4662 0.6992 0.5421
vn 0.6670 0.7119 0.2198
vn 0.4971 0.7930 0.3522
vn 0.5700 0.8190 -0.0666
vn 0.5774 0.8139 0.0641
vn 0.7312 0.6798 0.0564
vn 0.6125 0.5631 -0.5547
vn 0.6886 0.7221 0.0659
vn 0.6052 0.7628 0.2275
vn 0.5548 0.7732 0.3072
vn -0.0018 0.5188 -0.8549
vn 0.6592 0.7343 -0.1623
vn 0.6580 0.6793 -0.3249
vn 0.1388 0.9055 -0.4009
vn 0.0716 0.9857 0.1522
vn 0.5498 0.5548 0.6244
vn 0.6457 0.5656 0.5131
vn 0.8046 0.5179 0.2904
vn 0.3038 0.6540 -0.6929
vn 0.3758 0.6037 -0.7031
vn 0.4930 0.5925 -0.6371
vn 0.2220 0.6053 -0.7644
vn 0.4420 0.6770 0.5885
vn 0.2273 0.9306 0.2867
vn 0.4365 0.8373 0.3293
vn 0.1805 0.9200 0.3479
vn 0.3938 0.9067 0.1513
vn 0.3978 0.6896 -0.6052
vn 0.4459 0.8210 -0.3566
vn 0.6580 0.6165 0.4323
vn 0.4696 0.5831 0.6629
vn -0.0078 0.5346 -0.8451
vn 0.3848 0.4674 -0.7959
vn 0.2689 0.7381 -0.6188
vn 0.3310 0.7816 -0.5287
vn 0.1510 0.9477 -0.2813
vn 0.3472 0.6399 0.6856
vn 0.4098 0.6305 0.6592
vn 0.2616 0.7176 0.6454
vn 0.5140 0.6478 -0.5623
vn 0.4919 0.6636 -0.5636
vn 0.0998 0.9880 -0.1181
vn 0.6884 0.4127 0.5965
vn 0.6372 0.4348 0.6364
vn 0.5895 0.8017 -0.0988
vn 0.5548 0.8108 -0.1865
vn 0.4497 0.6939 -0.5624
vn -0.4180 0.7668 -0.4872
vn -0.4112 0.7400 -0.5323
vn -0.4184 0.8291 -0.3708
vn 0.3686 0.8710 -0.3248
vn 0.2422 0.9683 -0.0612
vn 0.3294 0.8289 0.4522
vn 0.3494 0.8004 0.4872
vn 0.3388 0.8032 0.4901
vn -0.1780 0.9794 0.0954
vn -0.1796 0.9829 0.0401
vn 0.3021 0.8675 0.3952
vn 0.4425 0.8942 0.0672
vn 0.4236 0.8261 0.3718
vn 0.5167 0.7224 0.4595
vn 0.4568 0.5089 0.7296
vn 0.5378 0.5811 0.6108
vn 0.7047 0.7032 -0.0947
vn 0.7552 0.6514 -0.0737
vn 0.4025 0.6227 0.6710
vn 0.1989 0.5371 -0.8198
vn 0.1669 0.5911 -0.7891
vn 0.4828 0.6142 -0.6243
vn 0.8035 0.5419 -0.2464
vn 0.5018 0.7819 -0.3699
vn 0.5241 0.7830 -0.3350
vn -0.2020 0.9130 -0.3545
vn 0.0291 0.8939 -0.4473
vn -0.2137 0.8785 -0.4273
vn 0.2445 0.6914 -0.6799
vn 0.1607 0.7190 -0.6761
vn 0.1871 0.7859 -0.5893
vn 0.2037 0.8541 -0.4786
vn 0.3369 0.9370 0.0920
vn 0.0999 0.9809 0.1667
vn 0.1460 0.9253 0.3500
vn 0.2084 0.9016 0.3792
vn 0.2163 0.8293 0.5152
vn -0.2032 0.9774 -0.0579
vn -0.1465 0.9507 -0.2734
vn 0.6363 0.7703 0.0421
vn 0.3876 0.7698 0.5071
vn 0.7052 0.7085 0.0259
vn 0.6363 0.6499 -0.4156
vn 0.5951 0.7232 -0.3503
vn 0.1498 0.7556 -0.6377
vn 0.2408 0.8367 -0.4920
vn -0.0373 0.9419 -0.3339
vn 0.5198 0.6785 0.5190
vn 0.4471 0.7166 0.5353
vn 0.5783 0.6591 0.4807
vn 0.0064 0.9396 0.3423
vn 0.1712 0.8948 0.4123
vn 0.6868 0.7176 -0.1157
vn 0.5957 0.7247 -0.3463
vn 0.5918 0.4912 -0.6391
vn 0.2256 0.8889 -0.3987
vn 0.3185 0.9126 -0.2564
vn 0.3064 0.8285 -0.4686
vn 0.3541 0.7897 -0.5010
vn 0.0055 0.9528 -0.3035
vn 0.5241 0.6950 0.4923
vn 0.4569 0.7723 0.4414
vn 0.5673 0.7928 0.2227
vn 0.1744 0.9691 0.1745
vn 0.5545 0.8247 0.1112
vn 0.3607 0.8519 -0.3798
vn 0.6080 0.7756 0.1698
vn 0.4180 0.8950 0.1558
vn 0.5655 0.8085 0.1631
vn 0.6506 0.7070 -0.2773
vn 0.6541 0.7509 -0.0915
vn 0.2150 0.7305 0.6482
vn 0.2663 0.6985 0.6642
vn 0.5561 0.4899 0.6713
vn 0.5125 0.5057 -0.6940
vn 0.5529 0.6869 -0.4716
vn 0.6904 0.6547 -0.3078
vn 0.5551 0.6157 -0.5593
vn 0.4982 0.7294 -0.4688
vn 0.4820 0.6671 -0.5680
vn 0.1960 0.9347 -0.2965
vn 0.4078 0.8182 0.4054
vn 0.4246 0.7767 0.4652
vn 0.7467 0.6650 -0.0126
vn 0.0536 0.7022 0.7100
vn 0.2230 0.6058 0.7637
vn 0.5518 0.4785 -0.6831
vn 0.3218 0.6903 -0.6480
vn 0.3181 0.8742 0.3670
vn -0.0412 0.9973 -0.0614
vn 0.6778 0.6084 0.4129
vn 0.2929 0.9558 0.0254
vn 0.6722 0.6979 0.2472
vn 0.5434 0.8219 -0.1707
vn 0.0010 0.7807 0.6249
vn -0.0487 0.7522 0.6571
vn 0.0088 0.8167 0.5770
vn 0.0146 0.8997 0.4362
vn 0.3998 0.9088 -0.1195
vn 0.4467 0.8917 -0.0727
vn 0.5755 0.7699 -0.2759
vn 0.6675 0.6315 0.3946
vn 0.6091 0.6635 0.4345
vn 0.6676 0.6361 0.3869
vn 0.3966 0.7157 -0.5749
vn 0.5896 0.6297 -0.5058
vn 0.7282 0.5951 -0.3400
vn 0.0565 0.8357 -0.5462
vn 0.2227 0.7560 -0.6156
vn 0.2382 0.8804 -0.4101
vn 0.3415 0.8385 -0.4246
vn 0.7917 0.5983 -0.1233
vn 0.8126 0.5190 -0.2653
vn 0.7603 0.6013 -0.2457
vn 0.4505 0.8712 0.1951
vn 0.4518 0.8694 0.1998
vn -0.0274 0.9108 0.4119
vn 0.8320 0.5310 -0.1607
vn 0.7924 0.5829 -0.1798
vn 0.7680 0.5014 -0.3985
vn 0.6860 0.4608 -0.5631
vn 0.5992 0.7132 -0.3637
vn 0.2969 0.8763 -0.3793
vn 0.4548 0.7832 -0.4239
vn 0.7604 0.6457 -0.0703
vn 0.7476 0.5783 0.3267
vn 0.2942 0.6038 0.7408
vn 0.3309 0.6394 0.6940
vn 0.0546 0.6218 0.7812
vn 0.2760 0.8463 0.4556
vn 0.4985 0.4679 -0.7298
vn 0.4705 0.4923 -0.7323
vn 0.8064 0.4647 -0.3658
vn 0.8402 0.4541 -0.2965
vn 0.4953 0.7392 0.4564
vn 0.4413 0.7968 0.4127
vn -0.0840 0.8533 -0.5146
vn 0.0772 0.8894 -0.4506
vn 0.2135 0.8326 -0.5112
vn -0.1799 0.8825 -0.4346
vn 0.4960 0.7473 -0.4422
vn 0.6743 0.3132 0.6687
vn 0.5559 0.3780 0.7403
vn 0.5533 0.3793 0.7417
vn 0.6977 0.2983 0.6513
vn 0.2472 0.9299 0.2724
vn 0.3559 0.8780 0.3200
vn 0.5996 0.6764 0.4278
vn 0.7167 0.5927 0.3675
vn 0.2499 0.7007 0.6683
vn -0.3555 0.7153 0.6016
vn -0.1340 0.7566 0.6400
vn 0.0600 0.9087 0.4132
vn 0.3174 0.9477 0.0316
vn 0.4414 0.8941 0.0761
vn 0.1035 0.7656 0.6349
vn 0.7989 0.5202 -0.3019
vn 0.8231 0.5669 -0.0327
vn 0.8098 0.5325 -0.2463
vn 0.5278 0.7404 0.4161
vn 0.6388 0.6716 0.3753
vn 0.6303 0.6533 0.4195
vn 0.4708 0.7845 0.4037
vn 0.7860 0.6026 -0.1381
vn 0.4530 0.7961 -0.4013
vn 0.4033 -0.5363 -0.7415
vn 0.4147 0.8397 0.3506
vn -0.2785 0.9602 -0.0200
vn -0.2008 0.9795 -0.0185
vn -0.4292 0.8851 0.1799
vn 0.2692 0.9108 0.3130
vn 0.8757 0.4613 0.1428
vn 0.8690 0.4845 0.1003
vn 0.8647 0.4976 0.0686
vn -0.0273 0.7042 0.7095
vn 0.1928 0.7592 0.6217
vn 0.7196 0.6781 0.1499
vn 0.5438 0.8327 0.1043
vn 0.6067 0.7949 -0.0024
vn 0.4520 0.8908 0.0463
vn -0.0774 0.8105 0.5807
vn 0.1419 0.8225 0.5508
vn -0.1758 0.9067 0.3834
vn 0.4253 0.7690 0.4772
vn 0.6374 0.6754 -0.3709
vn 0.6296 0.6965 -0.3442
vn -0.5848 -0.3636 -0.7251
vn -0.6653 -0.3187 -0.6751
vn -0.6576 -0.3234 -0.6805
vn -0.5771 0.5028 0.6436
vn -0.6401 0.4836 0.5970
vn -0.5585 0.5076 0.6561
vn 0.4390 0.7976 0.4138
vn 0.4223 0.8235 0.3788
vn -0.4733 0.8558 0.2090
vn -0.1548 0.7595 0.6319
vn 0.2849 0.9241 0.2546
vn 0.4820 0.8194 0.3103
vn 0.5496 0.7642 0.3375
vn 0.4103 0.8305 0.3767
vn 0.6602 0.7384 0.1377
vn 0.8061 0.5529 -0.2111
vn 0.7543 0.6079 -0.2479
vn 0.4414 0.7993 0.4078
vn -0.4857 0.7607 0.4307
vn -0.5807 0.7666 0.2742
vn 0.0631 0.8744 0.4810
vn -0.0236 0.8644 0.5023
vn 0.6328 0.7734 0.0388
vn 0.8179 0.5734 0.0483
vn 0.6263 0.7796 0.0079
vn 0.3555 0.8534 0.3814
vn 0.8757 0.4172 -0.2429
vn 0.9036 0.4077 -0.1312
vn 0.8372 0.5361 -0.1080
vn 0.5219 0.8099 0.2677
vn 0.7423 0.6333 -0.2187
vn 0.6434 0.7527 -0.1395
vn 0.5993 0.7927 -0.1118
vn 0.7188 0.6358 -0.2812
vn 0.5268 0.8040 -0.2760
vn 0.2328 0.9319 0.2780
vn -0.0613 0.8919 0.4480
vn -0.0985 0.9909 0.0913
vn -0.1135 0.9079 0.4034
vn 0.8836 0.4449 -0.1459
vn 0.7941 0.6073 0.0259
vn 0.8240 0.4820 -0.2978
vn 0.8135 0.5808 0.0312
vn 0.7600 0.6452 -0.0782
vn 0.7319 0.6751 0.0921
vn 0.6899 0.6639 -0.2886
vn 0.6824 0.7023 -0.2031
vn 0.6245 0.7369 -0.2586
vn 0.7506 0.6319 0.1931
vn 0.7743 0.6145 0.1510
vn 0.6826 0.6626 0.3083
vn 0.7715 0.6066 0.1919
vn 0.6182 0.7826 -0.0735
vn 0.7057 0.7009 -0.1036
vn 0.6731 0.6619 -0.3300
vn 0.5296 0.8244 -0.1997
vn 0.3830 0.8792 -0.2833
vn 0.3046 0.9253 -0.2262
vn 0.4991 0.8206 0.2785
vn 0.5862 0.7359 0.3388
vn 0.7110 0.6818 0.1720
vn 0.7910 0.6109 -0.0332
vn 0.8364 0.5472 -0.0305
vn 0.7479 0.6343 -0.1955
vn 0.6935 0.7161 0.0796
vn 0.6736 0.7081 -0.2117
vn 0.0003 1.0000 0.0004
vn 0.0445 0.9984 0.0358
vn 0.2039 0.9646 0.1670
vn 0.3676 0.9035 0.2202
vn 0.6047 0.7729 0.1922
vn 0.6523 0.7196 0.2381
vn 0.7236 0.6706 0.1633
vn 0.8852 0.4630 -0.0440
vn 0.6024 0.7753 0.1899
vn 0.6277 0.7783 0.0124
vn 0.7293 0.6841 0.0130
vn 0.7161 0.6970 -0.0384
vn 0.5919 0.8052 0.0373
vn 0.6620 0.7474 -0.0559
vn 0.6114 0.7899 0.0470
vn 0.4335 0.8715 0.2294
vn 0.5188 0.7947 -0.3150
vn 0.4351 0.8783 -0.1983
vn 0.3199 0.9347 -0.1550
vn 0.5265 0.8454 0.0898
vn 0.5442 0.7963 0.2641
vn 0.5422 0.8051 0.2404
vn 0.6118 0.7890 0.0570
vn 0.5593 0.8274 0.0500
vn 0.5696 0.8130 -0.1208
vn 0.5519 0.8280 -0.0993
vn 0.5636 0.8187 0.1100
vn 0.6203 0.7537 -0.2172
vn 0.4860 0.8472 -0.2145
vn 0.5373 0.8433 -0.0089
vn 0.4947 0.8682 0.0404
vn 0.3367 0.9293 -0.1516
vn 0.3969 0.9152 -0.0701
vn 0.6591 0.7515 -0.0285
vn 0.5719 0.8203 0.0061
vn 0.3908 0.8809 0.2670
vn 0.5471 0.8035 -0.2347
vn 0.1747 0.9765 0.1263
vn 0.6148 0.7808 -0.1118
vn 0.4376 0.8992 -0.0032
vn 0.4802 0.8771 -0.0117
vn 0.3243 0.9382 0.1204
vn 0.3431 0.9366 -0.0717
vn 0.3591 0.9331 0.0189
vn 0.3404 0.9397 0.0319
vn 0.4337 0.8826 0.1818
vn 0.3923 0.9138 0.1052
vn 0.4911 0.8554 -0.1645
vn 0.3364 0.9373 -0.0913
vn 0.4463 0.8916 -0.0773
vn 0.3196 0.9372 -0.1394
vn 0.2446 0.9670 -0.0716
vn 0.2817 0.9576 0.0606
vn 0.2415 0.9704 -0.0069
vn 0.1859 0.9796 -0.0766
vn 0.1914 0.9734 -0.1256
vn 0.0478 0.9985 -0.0270
vn 0.2520 0.9676 -0.0119
vn 0.3349 0.9393 -0.0743
vn 0.0609 0.9980 0.0191
vn 0.1071 0.9942 -0.0054
vn 0.0016 1.0000 -0.0012
vn -0.0008 1.0000 -0.0006
vn -0.6340 0.7733 0.0073
vn -0.7009 0.6744 -0.2324
vn -0.7635 0.6175 -0.1888
vn -0.4399 0.8976 0.0284
vn -0.7935 0.5640 -0.2286
vn -0.5870 0.6687 -0.4563
vn -0.2632 0.9528 0.1512
vn -0.3129 0.8547 0.4143
vn -0.2411 0.9651 -0.1024
vn -0.4863 0.8732 0.0326
vn -0.5718 0.8092 0.1349
vn -0.5671 0.7862 0.2454
vn -0.5678 0.7718 0.2863
vn 0.0670 0.8444 -0.5314
vn -0.0355 0.7593 0.6498
vn -0.6655 0.7009 -0.2566
vn -0.2440 0.9207 -0.3046
vn -0.4433 0.7919 -0.4200
vn -0.7626 0.6393 0.0988
vn -0.0962 0.6186 0.7798
vn -0.6230 0.6775 -0.3909
vn -0.3119 0.6319 0.7096
vn -0.9953 -0.0000 -0.0964
vn 0.8351 -0.0000 -0.5501
vn 0.9524 -0.0000 0.3049
vn -0.3401 0.8105 0.4769
vn 0.2176 0.9705 0.1037
vn 0.0637 -0.0000 0.9980
vn 0.0044 0.9786 0.2058
vn -0.3352 0.5699 0.7502
vn -0.8536 -0.0000 0.5210
vn -0.9027 -0.0000 0.4303
vn -0.9283 -0.0000 0.3719
vn 0.3201 -0.0000 -0.9474
vn 0.7851 -0.0000 0.6194
vn 0.6743 -0.0000 0.7384
vn 0.8357 0.1341 0.5326
vn 0.8787 0.1537 0.4520
vn 0.2330 -0.0000 0.9725
vn 0.2969 -0.0000 0.9549
vn 0.1315 -0.0000 0.9913
vn 0.6089 -0.0000 -0.7932
vn 0.5127 -0.0000 -0.8586
vn 0.5776 -0.0000 -0.8163
vn 0.5838 -0.0000 -0.8119
vn 0.6410 -0.0000 -0.7675
vn 0.2962 0.4637 0.8350
vn -0.3667 -0.0000 -0.9303
vn -0.1443 -0.0000 -0.9895
vn -0.3566 0.7367 0.5746
vn -0.0936 0.9950 0.0356
vn -0.4588 0.8625 0.2133
vn -0.7950 0.4857 0.3634
vn -0.2648 0.8126 -0.5192
vn 0.8606 -0.0000 -0.5093
vn 0.7018 -0.0000 -0.7124
vn 0.7699 -0.0000 -0.6381
vn -0.6911 0.6251 -0.3627
vn -0.6813 0.6042 -0.4132
vn 0.1870 -0.0000 0.9824
vn -0.1617 0.5313 -0.8316
vn -0.2847 0.9570 -0.0559
vn -0.2909 0.9544 -0.0677
vn -0.1273 0.8223 -0.5547
vn 0.4715 -0.0000 -0.8819
vn 0.0792 -0.0000 0.9969
vn -0.6417 0.6199 -0.4516
vn 0.6167 0.5772 0.5354
vn 0.6258 0.5996 0.4989
vn 0.5930 0.6533 0.4707
vn 0.8925 -0.0000 0.4511
vn 0.9039 0.2317 0.3595
vn -0.5792 0.8146 0.0313
vn -0.7826 0.3661 0.5036
vn 0.6885 0.7250 -0.0178
vn -0.0869 0.7810 -0.6185
vn -0.0952 0.8072 -0.5826
vn -0.0636 0.8086 -0.5849
vn -0.1774 0.7586 -0.6270
vn -0.1909 0.8179 -0.5428
vn -0.1075 0.8443 -0.5250
vn -0.0680 0.7625 -0.6434
vn -0.9643 -0.0000 -0.2647
vn -0.0721 0.8166 -0.5726
vn 0.1265 -0.0000 0.9920
vn -0.8853 -0.0000 0.4651
vn -0.8660 -0.0000 0.5001
vn -0.8742 -0.0000 0.4855
vn -0.3215 0.8450 0.4274
vn -0.8614 0.4345 0.2632
vn -0.8364 0.5020 -0.2201
vn -0.6118 0.3415 -0.7135
vn 0.9963 -0.0000 0.0854
vn 0.2055 0.8253 0.5260
vn -0.7133 0.6904 0.1203
vn -0.6994 0.5767 -0.4222
vn -0.7004 0.5415 -0.4649
vn 0.7913 0.6028 -0.1025
vn -0.8937 -0.0000 0.4486
vn 0.9559 -0.0000 0.2938
vn -0.9680 0.0012 0.2509
vn -0.9582 0.0015 0.2862
vn 0.3250 0.8263 0.4601
vn -0.5054 0.8243 0.2553
vn -0.7506 0.5986 0.2799
vn -0.7518 0.4107 0.5159
vn -0.3750 0.8759 -0.3035
vn -0.2712 0.9449 -0.1834
vn 0.9549 -0.0000 0.2968
vn -0.2929 0.6890 -0.6629
vn -0.1696 -0.0000 0.9855
vn -0.9895 -0.0000 0.1447
vn -0.9971 -0.0000 0.0763
vn -1.0000 -0.0000 -0.0023
vn -0.1631 -0.0000 0.9866
vn 0.2295 -0.0000 -0.9733
vn 0.3154 0.5419 0.7790
vn -0.4926 0.7732 -0.3995
vn -0.0165 0.7113 -0.7027
vn -0.1510 0.6917 -0.7062
vn -0.4121 0.6794 0.6072
vn -0.5311 0.6473 0.5468
vn -0.4922 0.7358 0.4652
vn -0.2942 0.5483 -0.7828
vn 0.9793 -0.0000 0.2024
vn -0.3081 0.9072 -0.2864
vn -0.6598 0.4889 0.5707
vn 0.0885 0.9729 0.2136
vn -0.4884 0.7568 -0.4345
vn -0.9990 -0.0000 -0.0448
vn -0.9145 0.3874 0.1164
vn -0.5317 0.6338 0.5618
vn -0.8890 0.4366 0.1385
vn -0.8946 0.4415 -0.0693
vn -0.5811 0.3982 -0.7098
vn 0.2856 0.5471 -0.7868
vn -0.1377 0.9776 -0.1591
vn -0.1131 0.9868 -0.1158
vn -0.0759 0.9958 -0.0508
vn -0.9267 -0.0000 0.3758
vn -0.9617 -0.0000 0.2740
vn -0.9941 -0.0000 0.1084
vn 0.6550 -0.0000 0.7557
vn -0.8204 -0.0000 0.5719
vn -0.7769 -0.0000 -0.6296
vn 0.3290 0.3246 0.8868
vn -0.0945 0.5774 0.8110
vn -0.6452 0.6919 0.3241
vn -0.4980 0.4242 -0.7564
vn -0.3182 0.4590 -0.8295
vn -0.3044 0.4608 -0.8337
vn 0.9058 0.4176 -0.0723
vn 0.2894 0.7688 -0.5702
vn -0.1668 0.9632 -0.2106
vn -0.9995 -0.0000 0.0302
vn -0.9987 -0.0000 0.0507
vn -0.9996 -0.0000 0.0292
vn -0.9970 -0.0000 0.0778
vn -0.9998 -0.0000 -0.0196
vn -0.9999 -0.0000 -0.0103
vn -0.9999 -0.0000 -0.0172
vn 0.9756 -0.0000 -0.2195
vn 0.9966 -0.0000 -0.0825
vn 0.9958 -0.0000 -0.0911
vn 0.9815 -0.0000 -0.1915
vn -0.2504 0.8561 0.4521
vn -0.4630 0.3726 0.8043
vn 0.6591 0.4459 -0.6056
vn 0.7940 0.4045 0.4539
vn -0.1169 0.4762 -0.8715
vn -0.6103 0.7664 -0.2004
vn -0.4700 0.8374 -0.2790
vn -0.3601 0.8725 -0.3302
vn -0.0748 0.9619 0.2630
vn -0.9000 -0.0000 0.4360
vn 0.9673 -0.0000 -0.2538
vn 0.9916 -0.0000 -0.1290
vn 0.9669 -0.0000 -0.2552
vn 0.9971 -0.0000 -0.0760
vn 0.5446 -0.0000 0.8387
vn 0.4675 -0.0000 0.8840
vn 0.5666 -0.0000 0.8240
vn -0.7355 0.4159 0.5349
vn -0.7440 0.6484 -0.1613
vn -0.3323 0.5091 -0.7939
vn -0.3115 0.5404 -0.7816
vn -0.3474 0.4856 -0.8022
vn -0.1882 0.8988 -0.3958
vn 0.7276 0.6428 -0.2397
vn 0.9554 0.2570 0.1452
vn 0.9604 0.2622 0.0946
vn 0.9560 0.2906 0.0396
vn 0.6401 -0.0000 0.7683
vn 0.9924 -0.0000 -0.1232
vn -0.7863 0.4877 0.3793
vn -0.1582 0.4895 0.8576
vn 0.6699 0.5028 -0.5464
vn 0.9285 0.2789 -0.2452
vn -0.2180 0.7714 0.5979
vn 0.5987 0.4109 -0.6875
vn 0.5263 0.4777 -0.7034
vn -0.2956 0.5632 -0.7716
vn 0.9997 -0.0000 0.0246
vn -0.7823 -0.0000 -0.6230
vn -0.6909 0.6642 -0.2853
vn -0.8059 0.5294 0.2650
vn -0.8857 0.4460 0.1294
vn -0.4564 0.5434 0.7046
vn -0.5315 0.5186 0.6698
vn 0.9957 -0.0000 0.0927
vn 0.9719 -0.0000 -0.2353
vn -0.9998 -0.0000 -0.0179
vn 0.6833 -0.0000 0.7301
vn -0.7349 0.6676 0.1193
vn -0.5212 0.4957 0.6948
vn -0.6335 0.5285 0.5652
vn -0.2683 -0.0000 -0.9633
vn -0.2519 -0.0000 -0.9678
vn 0.9729 -0.0000 0.2313
vn -0.9154 -0.0000 0.4025
vn -0.9406 -0.0000 0.3394
vn 0.4869 -0.0000 -0.8735
vn -0.6727 0.6846 0.2806
vn -0.5380 0.8257 0.1697
vn -0.6200 0.7361 0.2717
vn -0.6575 0.3206 -0.6819
vn -0.4392 0.3345 -0.8338
vn -0.4750 0.6581 -0.5841
vn -0.4766 0.6827 -0.5538
vn -0.2776 0.8505 0.4467
vn 0.9935 -0.0000 0.1134
vn 0.6729 -0.0000 0.7397
vn 0.5873 0.1454 0.7962
vn 0.6956 0.1416 0.7043
vn -0.6083 0.6033 -0.5158
vn 0.0785 0.4830 -0.8721
vn 0.2253 0.7678 -0.5997
vn 0.6395 -0.0000 0.7688
vn -0.7881 -0.0000 0.6155
vn -0.3687 0.8106 0.4550
vn 0.0682 0.8224 -0.5649
vn -0.6914 0.6176 0.3749
vn -0.8003 0.5572 0.2215
vn 0.5692 0.6188 0.5414
vn 0.6199 0.3843 -0.6841
vn 0.4827 0.3788 -0.7896
vn 0.5863 0.3840 -0.7133
vn -0.4462 0.2532 -0.8584
vn -0.8555 -0.0000 0.5178
vn -0.2846 -0.0000 -0.9586
vn -0.8474 0.5004 0.1777
vn -0.3120 0.9492 -0.0403
vn 0.4440 0.3754 -0.8136
vn -0.7341 0.3410 -0.5871
vn 0.8161 0.5769 -0.0340
vn -0.3925 0.8816 0.2623
vn -0.4780 0.8232 -0.3063
vn -0.4878 0.6605 -0.5708
vn -0.4852 0.6801 -0.5496
vn -0.4824 0.6479 -0.5894
vn -0.5049 0.2578 -0.8238
vn -0.1183 -0.0000 0.9930
vn -0.9943 -0.0000 0.1065
vn 0.7069 -0.0000 -0.7073
vn -0.3764 0.7191 0.5841
vn -0.3435 0.7642 0.5459
vn -0.2655 0.8796 -0.3947
vn -0.1619 0.5845 0.7951
vn -0.0666 0.6145 -0.7861
vn 0.9691 -0.0027 0.2468
vn -0.4568 0.8502 0.2618
vn 0.2043 0.5890 0.7819
vn -0.1587 0.3487 0.9237
vn 0.6878 0.2396 0.6853
vn 0.7989 0.5706 0.1901
vn 0.8128 0.5432 0.2103
vn 0.7426 0.6278 0.2332
vn 0.6497 0.6778 0.3442
vn 0.5853 0.6856 0.4329
vn -0.2557 0.8538 -0.4534
vn 0.3808 0.5848 0.7163
vn 0.1902 0.9747 -0.1172
vn 0.0577 0.7096 -0.7022
vn -0.8062 0.5329 0.2570
vn -0.8609 0.4467 0.2434
vn -0.8321 0.4946 0.2512
vn -0.0297 0.9513 0.3069
vn -0.0415 0.9513 0.3054
vn -0.8843 0.4030 0.2358
vn 0.4876 0.4089 0.7714
vn 0.4827 0.4110 0.7734
vn 0.4887 0.4084 0.7709
vn -0.7301 0.5020 -0.4636
vn 0.3909 -0.5378 -0.7470
vn -0.3055 0.9101 0.2799
vn 0.6208 0.3606 0.6961
vn 0.6323 0.3689 0.6813
vn 0.6243 0.3656 0.6904
vn 0.5997 0.3586 0.7154
vn 0.7059 0.6604 0.2561
vn 0.8912 0.2622 -0.3702
vn 0.5646 0.3738 0.7359
vn 0.5786 0.3668 0.7285
vn 0.8036 0.2189 0.5535
vn -0.5346 0.5920 -0.6031
vn -0.3301 0.3443 -0.8789
vn -0.0924 0.4946 -0.8642
vn -0.2493 0.4005 -0.8818
vn -0.3343 0.5432 0.7702
vn -0.5610 0.5070 0.6544
vn -0.3074 0.5450 0.7801
vn -0.4919 0.5224 0.6966
vn -0.2589 0.5471 0.7960
vn 0.9904 -0.1238 0.0613
vn 0.9902 -0.1305 0.0507
vn 0.9759 -0.2058 -0.0718
vn 0.9896 -0.0924 0.1106
vn 0.6407 0.7604 -0.1062
vn 0.6502 0.2271 0.7250
vn 0.4322 0.9018 -0.0049
vn 0.3570 0.8793 -0.3153
vn -0.4798 0.8772 -0.0184
vn -0.4908 0.8664 -0.0921
vn -0.5054 0.8224 -0.2612
vn 0.1011 0.5860 -0.8040
vn -0.3463 0.6854 0.6405
vn 0.5846 0.7496 0.3102
vn 0.9905 -0.1217 0.0647
vn 0.9328 0.0708 0.3534
vn 0.9752 0.1660 0.1464
vn -0.0425 0.5399 0.8406
vn -0.1962 0.8163 0.5433
vn -0.1807 0.9834 0.0187
vn -0.2462 0.9299 0.2733
vn 0.0717 0.7382 -0.6708
vn 0.8660 0.4594 -0.1974
vn -0.9495 0.3134 0.0123
vn -0.5417 0.7955 0.2716
vn 0.9577 0.0245 0.2868
vn 0.9557 0.0288 0.2931
vn -0.8801 -0.1425 -0.4528
vn -0.8047 -0.2179 -0.5523
vn -0.8354 -0.1898 -0.5159
vn -0.8603 -0.1646 -0.4825
vn -0.9874 0.1578 -0.0069
vn -0.9891 0.1443 -0.0287
vn -0.9903 0.1268 -0.0566
vn -0.9843 0.1751 0.0212
vn -0.6129 0.7426 -0.2699
vn -0.2996 0.8499 0.4334
vn -0.3992 0.8496 0.3448
vn -0.4783 0.8401 0.2558
vn -0.4507 0.8696 -0.2015
vn -0.4696 -0.4164 -0.7785
vn -0.4327 0.8801 0.1955
vn -0.7470 0.4040 -0.5281
vn -0.9253 0.3543 -0.1353
vn 0.9379 0.0623 0.3413
vn -0.8808 -0.1418 -0.4518
vn -0.6487 -0.3286 -0.6864
vn -0.5979 -0.3568 -0.7177
vn -0.8547 -0.1704 -0.4903
vn -0.9690 0.2412 -0.0532
vn 0.8066 0.2162 0.5501
vn -0.4653 0.8826 -0.0673
vn 0.1944 0.9311 -0.3087
vn -0.5214 0.8280 0.2061
vn 0.3030 0.5192 -0.7992
vn -0.9390 0.3382 -0.0616
vn -0.4917 -0.4072 -0.7697
vn -0.5394 -0.3859 -0.7484
vn -0.4996 -0.4038 -0.7664
vn -0.7324 0.4929 -0.4697
vn -0.7128 0.4762 -0.5149
vn -0.7184 0.4809 -0.5025
vn -0.7372 0.4970 -0.4578
vn -0.8592 0.3671 0.3564
vn -0.6896 -0.3036 -0.6575
vn -0.6830 -0.3078 -0.6624
vn 0.9823 -0.1838 -0.0354
vn 0.9967 -0.0796 0.0151
vn -0.5107 0.8361 0.2004
vn -0.8034 0.4109 0.4309
vn -0.3956 0.8871 0.2380
vn -0.4030 0.8312 0.3830
vn -0.3057 0.7723 0.5569
vn -0.0350 0.4413 -0.8967
vn -0.3053 0.8069 -0.5057
vn -0.1940 0.9808 0.0188
vn 0.9241 0.3805 -0.0342
vn 0.7658 0.2846 -0.5766
vn -0.5089 0.4152 0.7541
vn 0.0746 0.9844 -0.1593
vn 0.0928 0.9937 -0.0632
vn 0.0914 0.9933 -0.0709
vn -0.2338 0.9719 -0.0261
vn 0.0828 0.7414 -0.6659
vn 0.3925 0.5305 -0.7513
vn 0.1854 0.6811 -0.7084
vn 0.3046 0.9217 0.2401
vn -0.2171 0.4493 0.8666
vn 0.5730 0.6586 -0.4878
vn 0.1197 0.9888 0.0892
vn 0.3454 0.7732 0.5318
vn 0.4189 0.7945 0.4396
vn -0.6546 -0.3251 -0.6825
vn -0.6562 -0.3242 -0.6814
vn 0.1993 0.6709 0.7143
vn 0.1887 0.5975 0.7793
vn 0.0752 0.9615 -0.2643
vn 0.5517 0.4460 0.7048
vn 0.4351 0.8888 0.1442
vn 0.7625 0.2771 0.5847
vn 0.6754 0.4139 0.6104
vn 0.5937 0.3590 0.7201
vn -0.5174 0.8438 0.1425
vn -0.5960 0.8010 -0.0562
vn -0.3425 0.8200 0.4586
vn 0.1000 0.3006 0.9485
vn -0.3136 0.5399 -0.7811
vn 0.4508 0.6147 -0.6472
vn 0.4267 0.9030 0.0497
vn 0.3444 0.8667 -0.3608
vn 0.8146 0.5392 0.2138
vn -0.0795 0.9903 0.1143
vn 0.6064 0.3523 0.7128
vn 0.6826 0.3080 0.6627
vn 0.6850 0.3065 0.6609
vn 0.6222 0.3437 0.7034
vn 0.4151 0.8650 -0.2818
vn -0.0620 0.5416 0.8383
vn 0.5338 0.7849 0.3145
vn 0.2798 0.8687 0.4087
vn 0.5467 0.5963 -0.5878
vn 0.8787 0.3595 -0.3142
vn 0.8999 0.3553 0.2529
vn 0.8051 0.5109 -0.3012
vn 0.1828 0.9461 -0.2672
vn 0.1666 0.9593 0.2282
vn -0.4904 0.5227 0.6974
vn -0.9451 -0.0495 -0.3230
vn -0.9477 -0.0447 -0.3160
vn -0.9481 -0.0440 -0.3150
vn 0.6150 0.6896 -0.3824
vn -0.2320 0.9605 0.1540
vn 0.0235 0.7643 0.6444
vn 0.3301 0.8967 -0.2948
vn 0.4034 0.9050 -0.1353
vn 0.4493 0.8876 -0.1014
vn 0.6309 0.6646 -0.4003
vn 0.6097 0.7926 0.0031
vn 0.4568 0.5884 -0.6672
vn 0.5238 0.8515 -0.0243
vn 0.8425 0.5200 0.1404
vn -0.0995 0.9360 -0.3378
vn -0.9736 0.0155 -0.2278
vn -0.9860 0.0646 -0.1535
vn -0.9849 0.0586 -0.1628
vn 0.7006 0.6204 0.3525
vn 0.4011 0.8245 -0.3992
vn -0.0746 0.5285 0.8456
vn -0.1338 0.7652 0.6297
vn 0.6581 0.5128 0.5513
vn 0.4997 0.7379 0.4537
vn 0.1006 0.9865 -0.1294
vn 0.5930 0.7038 -0.3912
vn -0.8998 0.3293 0.2863
vn -0.9889 0.0851 -0.1219
vn 0.6103 0.5629 -0.5574
vn 0.9885 -0.1497 0.0200
vn -0.7433 -0.2668 -0.6135
vn -0.8174 -0.2067 -0.5378
vn -0.7412 -0.2684 -0.6154
vn 0.9734 -0.0150 0.2286
vn 0.1400 0.6011 -0.7868
vn 0.1294 0.6643 -0.7362
vn -0.1846 0.8310 -0.5248
vn 0.4474 0.7403 0.5017
vn 0.2639 0.5535 -0.7899
vn 0.7608 0.5487 0.3466
vn 0.5839 0.7997 0.1400
vn -0.9378 -0.0625 -0.3415
vn -0.0786 0.9856 -0.1498
vn 0.7288 0.5597 -0.3944
vn 0.5468 0.7787 -0.3075
vn 0.5814 0.6427 0.4989
vn 0.8128 0.4946 -0.3079
vn -0.0776 0.9754 0.2064
vn -0.1515 0.9030 -0.4019
vn 0.3704 0.8654 -0.3375
vn 0.4792 0.8513 -0.2136
vn 0.5589 0.3999 0.7265
vn 0.4611 0.5932 0.6599
vn 0.1036 0.8783 0.4668
vn -0.0804 0.9468 -0.3117
vn -0.4804 0.8492 0.2190
vn -0.4906 0.7790 -0.3904
vn 0.6033 0.4143 0.6815
vn 0.6273 0.7763 0.0613
vn 0.7239 0.6745 -0.1446
vn -0.0525 -0.5285 -0.8473
vn 0.0210 0.9947 -0.1004
vn 0.0415 0.5860 0.8093
vn -0.0646 0.6989 0.7123
vn 0.7766 0.6189 0.1179
vn 0.1548 0.6864 0.7106
vn 0.2989 0.8235 0.4821
vn 0.4320 0.5846 0.6868
vn 0.7801 0.6069 -0.1523
vn -0.0221 0.9993 0.0305
vn 0.7729 0.6027 -0.1987
vn 0.4283 0.5772 0.6953
vn 0.8512 0.5245 0.0191
vn 0.8061 0.5918 -0.0047
vn -0.6125 0.7235 0.3184
vn -0.4063 0.9097 0.0858
vn -0.5407 0.8088 0.2314
vn -0.6768 0.6142 0.4058
vn 0.1722 0.6920 0.7010
vn 0.8451 0.4750 -0.2453
vn 0.8506 0.4786 -0.2176
vn 0.4588 0.8305 -0.3158
vn 0.0852 0.8890 -0.4499
vn 0.6670 0.7412 -0.0757
vn 0.6822 0.6962 0.2235
vn 0.2452 0.9383 0.2437
vn -0.2076 0.7917 0.5745
vn -0.4163 0.7877 0.4540
vn -0.6140 0.7685 0.1801
vn 0.4449 0.7308 0.5177
vn 0.3833 0.8076 0.4482
vn -0.0476 0.9981 0.0388
vn 0.3192 0.9067 -0.2759
vn -0.4911 0.5225 0.6970
vn 0.9179 -0.3087 -0.2491
vn 0.7575 0.2562 0.6005
vn -0.6976 0.5387 -0.4724
vn -0.5143 0.7876 -0.3395
vn -0.4852 0.7807 -0.3938
vn -0.0600 0.7676 -0.6381
vn -0.1070 0.8033 -0.5858
vn -0.1090 0.8636 -0.4922
vn -0.0558 0.9369 -0.3451
vn -0.2111 0.9378 -0.2756
vn -0.1828 0.9397 -0.2891
vn -0.1248 0.9009 -0.4157
vn 0.2408 0.8528 -0.4634
vn 0.0148 0.7343 -0.6787
vn -0.0688 0.7867 -0.6135
vn -0.0889 0.8017 -0.5910
vn -0.0964 0.9364 -0.3373
vn 0.3927 0.7719 -0.4999
vn -0.3950 0.9012 -0.1784
vn 0.3964 0.6520 -0.6463
vn -0.6989 0.4779 0.5321
vn -0.6399 0.5472 0.5395
vn -0.6535 0.5322 0.5383
vn -0.2874 0.7425 -0.6051
vn -0.3100 0.6851 -0.6592
vn -0.3066 0.6943 -0.6511
vn -0.3258 0.6383 -0.6974
vn -0.1339 0.7738 -0.6191
vn -0.7495 0.5252 -0.4030
vn -0.5863 0.6141 -0.5283
vn -0.4813 0.6269 -0.6126
vn -0.3182 0.5861 -0.7452
vn -0.1874 0.7247 -0.6631
vn -0.1759 0.6414 -0.7468
vn -0.1031 0.8597 -0.5003
vn -0.0540 0.8919 -0.4490
vn -0.7103 0.5385 -0.4532
vn -0.4857 0.5247 -0.6991
vn -0.5919 0.5964 0.5421
vn -0.8300 0.5460 0.1139
vn -0.8026 0.5347 0.2643
vn -0.7541 0.5484 0.3615
vn -0.8341 0.5513 -0.0173
vn -0.4602 0.8464 -0.2679
vn -0.3887 0.8118 -0.4358
vn -0.2814 0.7545 -0.5929
vn -0.2048 0.7917 -0.5756
vn -0.3389 0.8351 -0.4333
vn -0.5219 0.7527 -0.4014
vn -0.4752 0.5651 -0.6744
vn -0.0516 0.9686 -0.2433
vn -0.0474 0.9804 -0.1912
vn -0.0452 0.9860 -0.1605
vn -0.1612 0.8431 -0.5130
vn -0.4853 0.7526 -0.4450
vn 0.0710 0.5094 -0.8576
vn 0.0740 0.5140 -0.8546
vn 0.2789 0.5179 -0.8087
vn 0.2089 0.4888 -0.8470
vn -0.1478 0.8886 -0.4343
vn 0.8535 0.4470 0.2678
vn 0.0542 0.9599 0.2749
vn -0.3642 0.8556 -0.3677
vn 0.2385 0.9127 -0.3318
vn 0.4669 0.6074 0.6427
vn 0.6310 0.6026 0.4886
vn 0.6106 0.6340 0.4746
vn 0.4425 0.5015 -0.7434
vn -0.8542 0.5144 -0.0759
vn -0.8610 0.4350 -0.2633
vn -0.8483 0.5283 -0.0364
vn -0.3218 0.9343 0.1536
vn 0.4871 0.8731 -0.0197
vn 0.7200 0.4754 -0.5057
vn 0.6708 0.5230 -0.5258
vn 0.6755 0.5187 -0.5241
vn -0.8126 0.4356 0.3873
vn -0.7795 0.4282 0.4573
vn -0.7825 0.4289 0.4513
vn -0.8185 0.4367 0.3733
vn -0.6576 0.4323 -0.6170
vn -0.6317 0.6516 -0.4199
vn -0.7064 0.4686 -0.5304
vn 0.6169 0.5690 -0.5437
vn -0.7736 0.5774 -0.2609
vn -0.7263 0.6843 -0.0651
vn 0.1808 0.9434 -0.2782
vn 0.4056 0.8928 -0.1959
vn 0.2417 0.9355 -0.2579
vn 0.3803 0.9234 -0.0515
vn 0.3824 0.9192 0.0936
vn 0.3643 0.8975 -0.2486
vn 0.3484 0.8660 -0.3588
vn -0.2626 0.6366 0.7251
vn -0.2454 0.6500 0.7193
vn -0.1956 0.6863 0.7005
vn 0.0871 0.9173 -0.3887
vn -0.7124 0.4686 -0.5224
vn -0.8394 0.5176 -0.1658
vn -0.1130 0.9448 -0.3076
vn -0.0640 0.9530 -0.2961
vn -0.0688 0.9700 -0.2332
vn -0.8473 0.5113 -0.1436
vn -0.8425 0.5384 -0.0181
vn -0.8223 0.5602 0.0998
vn -0.8397 0.5100 0.1864
vn -0.4772 0.8411 -0.2547
vn -0.4667 0.8410 -0.2738
vn -0.4476 0.8690 -0.2112
vn -0.5320 0.8467 -0.0094
vn -0.4718 0.8601 -0.1940
vn -0.5681 0.8216 0.0480
vn 0.6475 0.6911 -0.3211
vn 0.6098 0.7194 -0.3326
vn 0.5571 0.7375 -0.3818
vn 0.4763 0.7788 -0.4082
vn -0.0369 0.9843 -0.1728
vn 0.8685 0.2903 0.4017
vn 0.1469 0.7337 0.6634
vn 0.0187 0.7273 0.6860
vn -0.0774 0.7739 0.6286
vn 0.8487 0.2258 0.4782
vn 0.7492 0.2349 0.6193
vn -0.0121 0.8513 0.5246
vn 0.6195 0.2055 0.7576
vn -0.4457 0.6562 -0.6089
vn -0.3227 0.8154 -0.4807
vn -0.2586 0.6445 -0.7195
vn -0.3175 0.9028 -0.2902
vn -0.1348 0.5978 -0.7902
vn 0.1167 0.7292 -0.6743
vn 0.1952 0.7390 -0.6448
vn -0.1112 0.8387 -0.5331
vn 0.2539 0.5296 -0.8093
vn 0.2970 0.9492 0.1036
vn -0.7386 0.4919 -0.4611
vn -0.7666 0.5722 -0.2914
vn -0.8118 0.5488 -0.1995
vn 0.2520 0.9493 0.1879
vn -0.7885 0.6147 -0.0194
vn -0.4094 0.8921 -0.1913
vn -0.8607 0.4992 -0.1002
vn -0.1484 0.4947 -0.8563
vn -0.7198 0.5403 0.4359
vn 0.8752 0.3945 -0.2802
vn 0.4888 0.8136 -0.3150
vn 0.6088 0.6383 -0.4710
vn 0.6934 0.5997 0.3995
vn 0.7499 0.5569 0.3571
vn -0.5266 0.7693 -0.3618
vn 0.5780 0.5046 -0.6413
vn 0.0656 0.4423 -0.8945
vn -0.8554 0.4045 -0.3235
vn -0.7764 0.5874 -0.2284
vn -0.6564 0.7452 -0.1175
vn -0.7622 0.6271 -0.1610
vn -0.3253 0.5842 0.7436
vn -0.8461 0.5311 -0.0457
vn 0.4917 0.8562 -0.1583
vn -0.8721 0.4408 -0.2125
vn 0.8736 0.2898 0.3910
vn 0.8887 0.3097 0.3382
vn 0.6250 0.7213 -0.2986
vn -0.0113 0.9903 0.1386
vn 0.1948 0.9652 0.1747
vn 0.1485 0.9538 0.2610
vn -0.0323 0.9908 -0.1314
vn 0.5879 0.4771 0.6532
vn 0.3671 0.6405 0.6745
vn 0.1916 0.9408 0.2796
vn 0.1027 0.9260 0.3633
vn 0.1048 0.9256 0.3637
vn -0.3101 0.9504 -0.0228
vn -0.0000 0.9998 -0.0189
vn 0.0003 0.9998 -0.0219
vn -0.0006 0.9999 -0.0114
vn -0.0012 1.0000 -0.0055
vn -0.0021 1.0000 0.0052
vn -0.9766 0.0009 0.2152
vn 0.2683 0.0083 0.9633
vn 0.2846 0.0083 0.9586
vn 0.2518 0.0083 0.9677
vn -0.4645 0.2620 -0.8460
vn -0.5588 0.2873 -0.7779
vn -0.6042 0.2829 -0.7449
vn 0.7020 0.3876 -0.5975
vn 0.6307 0.3632 -0.6858
vn 0.5093 0.2829 -0.8127
vn 0.7906 0.3371 -0.5112
vn 0.9515 0.2946 0.0889
vn 0.9530 0.2890 -0.0915
vn 0.9285 0.3507 -0.1220
vn 0.5883 0.4690 -0.6587
vn -0.2482 0.7022 -0.6673
vn 0.6057 0.7863 -0.1215
vn 0.5786 0.7958 -0.1785
vn 0.6540 0.7547 -0.0521
vn -0.6517 0.7441 -0.1471
vn -0.7572 0.6514 -0.0478
vn -0.7321 0.6809 -0.0198
vn -0.4277 0.9034 -0.0295
vn 0.1358 0.4378 -0.8888
vn 0.5640 0.8256 -0.0158
vn 0.6730 0.7197 0.1704
vn -0.8659 0.4671 -0.1792
vn -0.5977 0.5230 -0.6076
vn -0.6397 0.4919 -0.5906
vn -0.7428 0.5281 -0.4115
vn -0.1152 0.5893 -0.7997
vn -0.1439 0.4894 -0.8601
vn -0.1456 0.4870 -0.8612
vn 0.6185 0.7632 0.1874
vn 0.5555 0.8303 -0.0445
vn -0.8697 0.4337 -0.2355
vn -0.1902 0.4542 -0.8703
vn 0.0458 0.4605 -0.8865
vn -0.6329 0.5737 -0.5199
vn 0.6593 0.7485 -0.0705
vn 0.6744 0.7358 -0.0608
vn 0.5115 0.8584 -0.0387
vn 0.5067 0.4003 -0.7635
vn 0.2522 0.3975 -0.8823
vn 0.0170 0.4959 -0.8682
vn -0.0501 0.4380 -0.8976
vn 0.7342 0.6683 -0.1195
vn 0.8129 0.5752 -0.0915
vn 0.7080 0.6846 -0.1731
vn -0.2068 0.5117 -0.8339
vn -0.1482 0.6644 -0.7325
vn -0.1502 0.6171 -0.7724
vn -0.0450 0.7945 -0.6056
vn -0.2863 0.5498 -0.7847
vn -0.2006 0.6678 -0.7168
vn -0.0431 0.7651 -0.6424
vn -0.2588 0.5751 -0.7760
vn 0.0415 0.8280 -0.5592
vn 0.0762 0.6830 -0.7265
vn 0.1771 0.9349 -0.3076
vn 0.2714 0.9035 -0.3317
vn -0.0682 0.6750 -0.7346
vn 0.0979 0.7550 -0.6484
vn 0.3195 0.8884 -0.3296
vn 0.2968 0.9022 -0.3129
vn 0.1945 0.6722 -0.7144
vn 0.2487 0.7440 -0.6201
vn 0.2040 0.8817 -0.4254
vn 0.1732 0.9260 -0.3354
vn 0.2257 0.9213 -0.3167
vn 0.2378 0.8466 -0.4761
vn 0.1460 0.9571 -0.2502
vn 0.0430 0.9973 -0.0596
vn 0.0003 1.0000 -0.0003
vn 0.0174 0.9993 -0.0334
vn 0.1829 0.9219 -0.3415
vn 0.1710 0.9688 -0.1794
vn 0.0925 0.9800 -0.1764
vn 0.2018 0.9063 -0.3713
vn 0.2323 0.9445 -0.2323
vn -0.6300 0.2934 -0.7191
vn -0.6323 0.3079 -0.7109
vn 0.7837 0.2766 -0.5561
vn 0.9023 0.3653 -0.2291
vn 0.9090 0.3827 -0.1650
vn 0.8416 0.5399 0.0173
vn 0.6607 0.5500 -0.5108
vn 0.5305 0.8369 -0.1348
vn -0.7137 0.5342 -0.4531
vn -0.7506 0.5343 -0.3888
vn -0.6954 0.5196 -0.4964
vn -0.7157 0.5093 -0.4778
vn -0.1431 0.4903 -0.8597
vn -0.0766 0.5978 -0.7980
vn -0.6573 0.5960 -0.4613
vn 0.0176 0.5873 -0.8092
vn 0.0384 0.9323 0.3597
vn -0.2217 0.4557 -0.8621
vn -0.0246 0.5112 -0.8591
vn 0.1427 0.6737 -0.7251
vn 0.7368 0.6704 -0.0884
vn 0.5465 0.8196 -0.1721
vn 0.0147 0.8332 -0.5528
vn 0.2823 0.9334 -0.2215
vn 0.0010 0.7156 -0.6985
vn 0.2963 0.7560 -0.5837
vn 0.2052 0.9635 -0.1720
vn 0.1449 0.9818 -0.1229
vn 0.0259 0.9994 -0.0221
vn -0.0000 0.8534 0.5212
vn -0.0000 1.0000 0.0045
vn -0.0000 0.0969 -0.9953
vn -0.0000 -0.0268 0.9996
vn -0.0000 -0.2280 0.9737
vn -0.0000 -0.0781 0.9969
vn -0.0000 -0.7695 -0.6387
vn -0.0000 -0.8071 -0.5904
vn -0.0000 -0.8571 -0.5151
vn -0.0000 -0.2715 0.9624
vn -0.0000 -0.8870 -0.4619
vn -0.5347 0.8419 -0.0728
vn -0.6197 0.7844 0.0259
vn -0.5551 0.8296 -0.0596
vn -0.5560 0.8300 -0.0439
vn -0.6588 0.7375 -0.1487
vn -0.5747 0.8157 0.0659
vn -0.5139 0.7760 0.3658
vn -0.4794 0.7758 0.4102
vn -0.6431 0.7446 -0.1791
s 1
usemtl Material.001
f 283//1 6//2 2//3
f 4//4 7//5 5//6
f 2//3 5//6 3//7
f 6//2 13//8 14//9
f 6//2 14//9 9//10
f 4//4 8//11 7//5
f 7//5 8//11 16//12
f 5//6 25//13 3//7
f 14//9 18//14 9//10
f 8//11 11//15 16//12
f 14//9 21//16 18//14
f 17//17 36//18 25//13
f 13//8 21//16 14//9
f 12//19 19//20 10//21
f 10//21 19//22 1348//22 1345//23
f 11//15 23//24 16//12
f 7//5 20//25 17//17
f 20//25 36//18 17//17
f 36//18 32//26 25//13
f 13//8 44//27 21//16
f 24//28 30//29 16//12
f 16//12 31//30 20//25
f 283//1 104//31 13//8
f 8//11 10//21 1345//23 1346//32
f 18//14 34//33 26//34
f 24//28 29//35 30//29
f 16//12 30//29 31//30
f 25//13 33//36 3//7
f 44//27 45//37 21//16
f 11//15 28//38 23//24
f 31//30 39//39 20//25
f 36//18 43//40 32//26
f 32//26 50//41 25//13
f 19//20 22//42 40//43
f 28//38 48//44 41//45
f 23//24 49//46 24//28
f 24//28 49//46 29//35
f 39//39 38//47 42//48
f 39//39 43//40 36//18
f 32//26 73//49 50//41
f 21//16 45//37 46//50
f 34//33 46//50 47//51
f 37//52 34//33 51//53
f 22//42 35//54 58//55
f 23//24 62//56 49//46
f 44//27 104//31 94//57
f 37//52 51//53 52//58
f 42//48 78//59 43//40
f 46//50 74//60 55//61
f 51//53 67//62 57//63
f 40//43 58//55 59//64
f 41//45 62//56 23//24
f 49//46 64//65 29//35
f 29//35 64//65 38//47
f 54//66 72//67 73//49
f 50//41 93//68 33//36
f 52//58 57//63 76//69
f 52//58 68//70 58//55
f 41//45 60//71 61//72
f 41//45 61//72 62//56
f 62//56 63//73 49//46
f 49//46 63//73 64//65
f 78//59 66//74 43//40
f 45//37 94//57 79//75
f 56//76 55//61 86//77
f 47//51 56//76 80//78
f 47//51 80//78 75//79
f 62//56 70//80 63//73
f 42//48 64//81 84//82
f 66//74 71//83 54//66
f 45//37 79//75 74//60
f 67//84 75//79 95//85
f 57//63 67//86 76//69
f 52//58 76//69 68//70
f 69//87 59//64 82//88
f 53//89 69//87 77//90
f 61//72 83//91 62//56
f 70//92 90//93 63//94
f 63//94 84//95 64//96
f 72//67 92//97 73//49
f 50//41 103//98 93//68
f 94//57 140//99 79//75
f 104//31 122//100 94//57
f 75//79 111//101 95//85
f 76//69 81//102 88//103
f 68//70 115//104 96//105
f 69//87 82//88 89//106
f 77//90 99//107 60//108
f 61//72 99//107 83//91
f 83//91 120//109 70//92
f 65//110 84//111 100//112
f 94//57 122//100 140//99
f 74//60 79//75 105//113
f 80//78 86//77 126//114
f 88//103 107//115 115//104
f 96//105 97//116 82//117
f 77//90 89//106 98//118
f 77//90 109//119 99//107
f 90//93 120//109 129//120
f 90//93 129//120 84//95
f 103//98 175//121 93//68
f 283//1 122//100 104//31
f 81//102 87//122 114//123
f 81//102 114//123 106//124
f 88//103 106//125 107//115
f 96//105 115//104 117//126
f 100//127 137//128 78//59
f 78//59 137//128 71//83
f 71//83 130//129 101//130
f 91//131 138//132 72//67
f 85//133 105//113 125//134
f 86//77 110//135 126//114
f 95//85 111//101 112//136
f 87//137 113//138 114//123
f 115//104 116//139 117//126
f 97//116 135//140 108//141
f 109//119 118//142 119//143
f 137//128 145//144 130//129
f 102//145 146//146 103//98
f 125//134 105//113 157//147
f 125//134 157//147 148//148
f 110//135 148//148 149//149
f 126//114 149//149 131//150
f 111//101 131//151 159//152
f 113//138 112//136 132//153
f 113//138 132//154 114//123
f 128//155 136//156 118//142
f 119//143 118//142 136//156
f 120//109 119//143 143//157
f 100//112 121//158 165//159
f 145//144 173//160 130//129
f 119//143 136//156 143//157
f 130//129 154//161 91//131
f 103//98 146//146 175//121
f 105//113 147//162 157//147
f 112//136 159//152 176//163
f 127//164 133//165 162//166
f 143//167 164//168 144//169
f 144//169 165//159 121//158
f 140//99 261//170 155//171
f 123//172 141//173 156//174
f 131//151 149//149 159//152
f 132//153 142//175 160//176
f 133//165 167//177 162//166
f 134//178 162//179 168//180
f 117//126 151//181 163//182
f 143//157 152//183 171//184
f 165//185 192//186 137//128
f 154//161 174//187 138//132
f 139//188 221//189 146//146
f 146//146 195//190 175//121
f 157//147 147//162 166//191
f 148//148 157//147 166//191
f 161//192 186//193 133//165
f 163//182 151//181 189//194
f 163//182 189//194 170//195
f 128//155 191//196 136//156
f 164//168 172//197 165//159
f 173//160 194//198 154//161
f 181//199 174//187 154//161
f 174//187 221//189 139//188
f 221//189 208//200 146//146
f 141//173 155//171 196//201
f 159//152 158//202 184//203
f 167//204 177//204 168//204
f 170//195 190//205 128//155
f 164//168 171//184 179//206
f 153//207 193//208 173//160
f 156//174 196//201 183//209
f 148//148 166//191 197//210
f 159//152 184//203 185//211
f 160//176 186//193 161//192
f 168//180 188//212 169//213
f 151//181 178//214 202//215
f 151//181 202//215 189//194
f 171//184 191//196 206//216
f 175//121 230//217 182//218
f 166//191 209//219 197//210
f 142//175 176//163 211//220
f 160//176 142//175 199//221
f 160//176 199//221 186//193
f 189//194 202//215 203//222
f 170//195 189//194 190//205
f 190//205 215//223 191//196
f 191//196 205//224 206//216
f 155//171 261//170 222//225
f 158//202 197//210 224//226
f 158//202 224//226 210//227
f 185//211 211//228 176//163
f 177//229 213//230 168//231
f 189//194 203//222 214//232
f 206//216 237//233 216//234
f 122//100 330//235 261//170
f 198//236 225//237 185//211
f 142//175 211//220 226//238
f 199//221 226//238 233//239
f 212//240 227//241 201//242
f 188//212 213//230 228//243
f 188//212 228//243 229//244
f 190//205 189//194 235//245
f 216//234 238//246 180//247
f 283//1 330//235 122//100
f 222//225 242//248 262//249
f 224//226 197//210 231//250
f 225//251 232//252 211//253
f 201//254 200//255 234//256
f 203//257 229//244 246//258
f 189//194 214//232 235//245
f 215//223 235//245 204//259
f 204//259 236//260 205//224
f 205//261 236//261 206//261
f 219//262 241//263 220//264
f 209//219 250//265 243//266
f 198//267 251//268 225//269
f 233//270 234//271 200//272
f 227//241 245//273 213//230
f 236//274 258//275 237//233
f 183//209 270//276 250//265
f 198//267 210//227 271//277
f 232//278 252//278 211//278
f 233//239 226//238 253//279
f 233//270 253//280 234//271
f 246//258 229//244 255//281
f 247//282 269//283 239//284
f 243//266 286//285 263//286
f 251//287 264//288 252//289
f 272//290 273//291 226//238
f 253//280 265//292 234//271
f 245//273 275//293 254//294
f 229//244 254//294 266//295
f 256//296 291//297 235//298
f 258//275 277//299 237//233
f 241//263 281//300 260//301
f 250//265 270//276 286//285
f 231//250 244//302 287//303
f 253//280 274//304 265//292
f 245//305 265//292 288//306
f 245//305 288//306 275//307
f 267//308 302//309 303//310
f 260//301 281//300 249//311
f 270//276 320//312 286//285
f 263//286 310//313 244//302
f 253//314 273//291 300//315
f 265//292 274//304 288//316
f 278//317 279//318 268//319
f 279//318 306//320 280//321
f 248//322 329//323 281//300
f 281//300 294//324 249//311
f 286//285 295//325 263//286
f 287//303 296//326 271//327
f 264//328 297//329 298//330
f 264//331 298//331 252//331
f 272//290 299//332 273//291
f 290//333 338//334 291//335
f 306//336 279//336 319//336
f 306//337 307//338 280//321
f 280//321 307//338 269//283
f 285//339 284//340 331//341
f 263//342 295//343 310//344
f 297//329 311//345 298//330
f 298//346 312//347 272//348
f 301//349 316//350 302//351
f 290//333 303//352 317//353
f 292//354 338//355 318//356
f 278//357 305//358 341//359
f 278//317 342//360 279//318
f 430//361 1260//361 1265//361 1264//361
f 297//329 296//326 323//362
f 298//363 311//364 324//365
f 299//366 312//367 325//368
f 299//366 325//368 326//369
f 275//307 288//306 327//370
f 318//371 338//372 339//373
f 304//374 318//356 357//375
f 305//358 328//376 341//359
f 342//360 343//377 319//378
f 294//324 347//379 249//311
f 249//311 347//379 282//380
f 284//340 432//381 331//341
f 295//343 332//382 333//383
f 313//384 334//385 335//386
f 314//387 327//370 352//388
f 314//389 336//390 315//391
f 318//371 339//373 357//392
f 319//393 343//394 358//395
f 308//396 344//397 345//398
f 329//323 346//399 294//324
f 347//379 385//400 282//380
f 284//340 361//401 432//381
f 309//402 331//341 362//403
f 324//365 311//364 351//404
f 327//370 368//405 352//406
f 336//407 352//408 337//409
f 317//410 355//411 338//412
f 348//413 429//414 359//415
f 333//383 332//382 402//416
f 333//383 389//417 350//418
f 365//419 366//420 323//421
f 352//406 368//405 369//422
f 352//423 370//424 337//425
f 316//426 371//427 372//428
f 340//429 383//430 373//431
f 340//432 373//432 341//432
f 365//433 403//434 391//435
f 367//436 393//437 325//368
f 325//368 393//437 326//369
f 326//369 393//437 378//438
f 326//439 378//440 334//385
f 368//441 379//442 369//443
f 354//444 372//428 382//445
f 383//446 409//447 398//448
f 358//395 384//449 344//397
f 346//399 345//398 400//450
f 331//341 432//381 401//451
f 332//382 363//452 402//416
f 391//435 392//453 366//454
f 367//436 377//455 404//456
f 367//436 404//456 393//437
f 379//457 406//458 394//459
f 372//428 381//460 408//461
f 373//462 398//462 426//462
f 373//463 426//464 374//465
f 412//466 413//467 343//394
f 345//398 344//397 399//468
f 345//398 399//468 400//450
f 363//452 388//469 402//416
f 366//470 392//471 419//472
f 398//448 409//447 410//473
f 400//450 443//474 385//400
f 385//400 415//475 429//414
f 429//414 488//476 359//415
f 375//477 401//451 416//478
f 5//6 2//3 6//2 4//4
f 349//479 386//480 387//481
f 402//416 388//469 433//482
f 402//416 433//482 417//483
f 390//484 418//485 403//434
f 392//471 418//486 419//472
f 377//487 376//488 449//489
f 396//490 424//491 408//492
f 410//493 457//494 426//495
f 384//449 414//496 428//497
f 418//486 462//498 476//499
f 404//500 449//489 436//501
f 436//502 450//503 393//437
f 421//504 437//505 422//506
f 422//506 437//505 406//507
f 407//508 439//509 424//510
f 426//495 457//494 411//511
f 412//466 442//512 413//467
f 427//513 469//514 414//496
f 428//497 471//515 344//397
f 400//450 399//468 443//474
f 443//474 472//516 385//400
f 429//414 415//475 488//476
f 432//381 444//517 474//518
f 386//480 445//519 387//481
f 387//481 445//519 388//469
f 417//483 433//482 446//520
f 417//483 446//520 447//521
f 419//472 476//499 448//522
f 419//523 448//523 376//523
f 437//505 464//524 406//507
f 439//509 438//525 452//526
f 453//527 467//527 425//527
f 425//528 467//529 454//530
f 425//528 454//530 440//531
f 409//447 455//532 456//533
f 428//497 470//534 471//515
f 415//475 472//516 473//535
f 386//480 416//478 459//536
f 435//537 460//538 461//539
f 455//532 454//530 468//540
f 411//541 484//542 441//543
f 414//496 469//514 470//544
f 471//515 470//534 486//545
f 432//381 431//546 536//547
f 446//520 475//548 447//521
f 461//549 460//550 493//551
f 450//552 477//553 478//554
f 463//555 496//556 451//557
f 451//558 496//558 479//558
f 464//524 511//559 452//560
f 454//530 467//529 483//561
f 468//540 515//562 457//494
f 427//513 442//512 485//563
f 469//514 502//564 470//544
f 470//544 502//564 486//545
f 471//515 486//545 458//565
f 458//565 503//566 443//474
f 444//517 536//547 489//567
f 445//519 459//536 490//568
f 447//521 475//548 491//569
f 508//570 492//571 460//550
f 460//550 492//571 493//551
f 476//499 462//498 494//572
f 448//522 494//572 495//573
f 463//555 478//574 496//556
f 479//575 496//575 497//575
f 480//576 511//559 464//524
f 466//577 465//578 499//579
f 515//562 530//580 484//581
f 441//543 484//542 501//582
f 442//512 501//582 516//583
f 485//563 502//564 469//514
f 502//564 518//584 486//545
f 458//565 486//545 503//566
f 489//567 536//547 505//585
f 416//478 521//586 522//587
f 459//536 522//587 506//588
f 459//536 506//588 507//589
f 462//498 493//590 494//572
f 478//591 510//592 524//593
f 478//591 524//593 496//594
f 500//595 499//596 512//597
f 468//540 483//561 515//562
f 484//542 530//598 563//599
f 502//564 517//600 531//601
f 486//545 519//602 503//566
f 504//603 554//604 473//535
f 487//605 534//606 488//476
f 489//567 537//607 521//586
f 495//573 494//572 542//608
f 510//609 509//610 544//611
f 510//612 544//612 524//612
f 497//613 525//614 480//615
f 480//616 525//616 498//616
f 499//617 526//617 512//617
f 512//618 526//618 527//618
f 481//619 547//620 513//621
f 513//621 547//620 528//622
f 515//562 529//623 549//624
f 515//625 549//626 530//627
f 485//563 516//628 552//629
f 519//602 532//630 533//631
f 504//603 520//632 554//604
f 431//546 535//633 536//547
f 490//568 523//634 539//635
f 490//568 539//636 475//637
f 508//638 540//639 556//640
f 509//610 543//641 544//611
f 524//642 544//642 545//642
f 511//643 525//644 559//645
f 511//643 559//645 560//646
f 527//647 526//648 575//649
f 530//627 549//626 550//650
f 530//598 550//651 563//599
f 516//628 563//652 551//653
f 516//628 551//653 552//629
f 552//629 564//654 517//600
f 517//600 553//655 531//601
f 531//601 553//655 565//656
f 520//632 596//657 554//604
f 487//605 554//604 658//658
f 521//586 568//659 522//587
f 539//660 555//661 540//662
f 541//663 571//664 542//608
f 542//608 557//665 543//666
f 543//641 572//667 544//611
f 545//668 572//669 558//670
f 558//671 574//672 525//644
f 546//673 575//649 577//674
f 549//626 562//675 579//676
f 549//626 579//676 550//650
f 552//629 551//653 564//654
f 520//632 566//677 581//678
f 506//588 568//659 538//679
f 538//679 568//659 598//680
f 538//681 569//682 523//683
f 523//684 570//685 539//660
f 539//660 570//685 555//661
f 541//686 556//687 601//688
f 541//663 585//689 571//664
f 557//665 586//690 543//666
f 558//671 573//691 574//672
f 561//692 578//692 562//692
f 550//693 579//694 580//695
f 553//655 623//696 565//656
f 487//605 658//658 534//606
f 537//607 505//585 582//697
f 569//698 583//699 523//700
f 523//700 583//699 570//701
f 570//702 583//703 584//704
f 571//664 617//705 542//608
f 573//691 588//706 574//672
f 574//672 605//707 559//645
f 559//708 589//708 590//708
f 575//709 592//710 576//711
f 577//712 576//713 593//714
f 532//630 565//656 624//715
f 581//678 610//716 596//657
f 330//235 597//717 431//546
f 567//718 641//719 598//680
f 598//680 599//720 569//721
f 600//722 615//723 601//724
f 585//725 616//726 571//664
f 571//664 616//726 617//705
f 572//669 603//727 619//728
f 573//729 619//728 604//730
f 574//672 588//706 605//707
f 589//731 605//732 621//733
f 594//734 593//735 607//736
f 594//734 607//736 595//737
f 565//656 623//696 624//715
f 624//715 609//738 533//631
f 658//658 596//657 627//739
f 534//606 658//658 611//740
f 639//741 535//633 678//742
f 505//585 639//741 582//697
f 567//718 582//697 640//743
f 599//744 613//745 569//746
f 569//746 613//745 583//747
f 584//704 583//703 614//748
f 585//689 601//724 628//749
f 587//750 646//751 629//752
f 588//753 604//753 620//753
f 605//732 620//754 621//733
f 593//755 592//710 634//756
f 593//755 634//756 635//757
f 609//738 624//715 625//758
f 615//723 628//749 601//724
f 616//726 665//759 617//705
f 617//705 666//760 618//761
f 618//761 645//762 646//763
f 620//764 604//764 631//764
f 606//765 632//766 633//767
f 635//757 652//768 622//769
f 608//770 622//769 653//771
f 625//758 638//772 610//716
f 610//716 638//772 626//773
f 639//741 659//774 582//697
f 582//697 659//774 640//743
f 613//775 599//776 663//777
f 613//775 663//777 642//778
f 600//722 614//748 643//779
f 615//723 643//780 664//781
f 628//782 644//783 616//784
f 629//785 647//786 648//787
f 629//788 648//789 603//790
f 630//791 667//792 604//793
f 604//794 667//795 668//796
f 591//797 672//798 592//710
f 592//710 672//798 650//799
f 650//800 651//801 634//802
f 634//802 673//803 635//804
f 622//769 652//768 653//771
f 624//715 655//805 690//806
f 624//715 690//806 656//807
f 625//758 657//808 638//772
f 641//719 662//809 599//720
f 645//762 684//810 646//763
f 631//811 668//811 669//811
f 649//812 670//812 632//812
f 673//803 674//813 635//804
f 654//814 709//815 688//816
f 625//758 656//807 691//817
f 627//739 626//773 692//818
f 662//819 661//820 679//821
f 662//809 695//822 599//720
f 599//720 695//822 663//777
f 663//777 724//823 642//778
f 642//824 696//825 643//826
f 664//827 643//828 680//829
f 664//827 681//830 628//831
f 628//831 681//830 644//832
f 665//833 644//783 682//834
f 665//759 683//835 666//760
f 666//760 697//836 684//837
f 647//786 698//838 648//787
f 670//839 702//840 633//841
f 672//842 671//843 686//844
f 650//800 705//845 651//801
f 652//846 674//847 706//848
f 675//849 707//850 653//851
f 626//773 638//772 692//818
f 658//658 692//818 774//852
f 659//774 693//853 660//854
f 679//821 661//820 694//855
f 683//835 714//856 697//836
f 685//857 699//857 668//857
f 668//858 699//859 700//860
f 671//861 702//861 703//861
f 674//847 687//862 706//848
f 706//863 707//850 675//849
f 676//864 707//865 708//866
f 688//816 709//815 718//867
f 637//868 689//869 719//870
f 597//717 810//871 535//633
f 659//774 711//872 693//853
f 682//873 713//874 683//835
f 697//836 715//875 684//837
f 698//838 728//876 685//877
f 670//839 716//878 702//840
f 710//879 720//879 721//879
f 656//807 721//880 753//881
f 695//882 759//883 723//884
f 715//875 727//885 684//837
f 684//886 727//885 728//887
f 700//860 699//859 740//888
f 703//889 729//890 704//891
f 705//845 730//892 731//893
f 731//894 732//895 706//896
f 709//815 717//897 745//898
f 691//817 733//899 657//808
f 693//853 758//900 660//854
f 725//901 736//902 726//903
f 714//856 762//904 737//905
f 728//906 738//907 699//908
f 699//859 739//909 740//888
f 741//910 767//911 670//912
f 670//839 767//913 716//878
f 716//878 767//913 703//914
f 729//890 742//915 730//916
f 707//865 732//917 744//918
f 611//740 755//919 872//920
f 612//921 1154//922 430//923
f 734//924 756//925 711//872
f 711//872 757//926 693//853
f 723//884 759//883 761//927
f 736//902 785//928 713//874
f 713//874 762//904 714//856
f 737//929 763//930 715//875
f 715//875 763//930 727//885
f 739//931 779//932 740//933
f 742//915 748//934 730//916
f 743//935 749//935 731//935
f 717//897 744//918 750//936
f 717//897 750//936 751//937
f 718//867 745//898 770//938
f 721//880 783//939 753//881
f 758//900 757//926 784//940
f 735//941 796//942 759//943
f 759//883 760//944 761//927
f 761//945 775//946 712//947
f 743//948 748//934 769//949
f 718//867 770//938 771//950
f 733//899 754//951 773//952
f 773//952 794//953 774//852
f 597//717 1078//954 810//871
f 826//955 861//956 810//871
f 758//900 795//957 796//942
f 761//927 760//944 798//958
f 761//945 798//959 775//946
f 776//960 801//961 785//928
f 737//905 762//904 802//962
f 779//932 787//963 765//964
f 766//965 768//966 767//967
f 742//968 768//969 788//970
f 744//918 781//971 808//972
f 751//973 750//936 808//972
f 745//974 751//937 790//975
f 771//950 770//938 791//976
f 752//977 792//978 746//979
f 798//958 760//944 797//980
f 798//959 799//981 775//946
f 775//946 800//982 776//960
f 776//960 800//982 801//961
f 785//928 786//983 762//904
f 762//904 786//983 802//962
f 778//984 803//985 764//986
f 766//965 787//963 806//987
f 780//988 788//988 789//988
f 780//989 789//989 769//989
f 749//990 769//949 807//991
f 751//937 808//992 790//975
f 791//993 792//978 752//977
f 772//994 782//995 793//996
f 773//952 754//951 825//997
f 757//926 850//998 784//940
f 784//940 812//999 795//957
f 799//981 813//1000 800//982
f 815//1001 816//1002 777//1003
f 764//986 803//985 779//932
f 779//1004 803//1005 804//1006
f 779//932 805//1007 787//963
f 789//1008 807//991 769//1009
f 1078//954 826//955 810//871
f 734//924 811//1010 756//925
f 756//925 811//1010 850//998
f 784//940 850//998 812//999
f 795//957 827//1011 796//942
f 796//942 827//1011 797//1012
f 798//1013 797//1014 852//1015
f 813//1000 841//1016 800//982
f 800//982 814//1017 801//961
f 801//961 828//1018 786//983
f 786//983 842//1019 802//962
f 806//1020 817//1021 818//1022
f 818//1023 819//1024 788//1025
f 781//971 807//991 834//1026
f 790//975 820//1027 821//1028
f 791//1029 821//1028 847//1030
f 782//995 823//1031 824//1032
f 861//956 849//1033 734//924
f 850//998 839//1034 812//999
f 816//1035 829//1036 830//1037
f 816//1035 830//1037 803//1038
f 805//1007 844//1039 787//963
f 787//963 844//1039 817//1040
f 789//1041 819//1042 832//1043
f 789//1041 832//1043 833//1044
f 808//992 846//1045 835//1046
f 792//1047 822//1048 836//1049
f 825//997 848//1050 794//953
f 827//1011 876//1051 797//1012
f 813//1000 840//1052 841//1016
f 814//1053 841//1054 863//1055
f 828//1018 853//1056 842//1019
f 829//1057 842//1058 843//1059
f 829//1036 843//1060 855//1061
f 807//991 833//1062 845//1063
f 820//1027 809//1064 859//1065
f 793//996 824//1032 860//1066
f 838//1067 849//1033 862//1068
f 811//1010 874//1069 850//998
f 827//1070 839//1034 875//1071
f 843//1072 842//1072 854//1072
f 804//1073 831//1074 866//1075
f 805//1007 893//1076 844//1039
f 818//1022 857//1077 858//1078
f 835//1046 867//1079 859//1065
f 820//1027 859//1065 896//1080
f 822//1048 886//1081 836//1049
f 794//953 848//1050 871//1082
f 755//919 871//1082 872//920
f 838//1067 874//1069 811//1010
f 874//1069 851//1083 850//998
f 852//1015 900//1084 813//1085
f 840//1086 900//1084 878//1087
f 853//1088 879//1089 865//1090
f 842//1091 865//1091 854//1091
f 831//1074 856//1092 866//1075
f 858//1093 904//1094 819//1095
f 833//1044 832//1043 882//1096
f 845//1063 833//1062 895//1097
f 847//1030 885//1098 868//1099
f 823//1031 869//1100 870//1101
f 861//956 873//1102 849//1033
f 876//1051 877//1103 852//1104
f 865//1090 891//1105 854//1106
f 856//1107 855//1108 880//1109
f 858//1078 857//1077 903//1110
f 904//1111 882//1112 832//1113
f 833//1044 882//1096 895//1114
f 845//1063 895//1097 883//1115
f 845//1063 883//1115 846//1045
f 846//1045 883//1115 884//1116
f 868//1099 886//1081 822//1048
f 871//1082 848//1050 887//1117
f 875//1071 888//1118 876//1051
f 879//1089 902//1119 865//1090
f 893//1076 894//1120 857//1121
f 885//1098 909//1122 910//1123
f 886//1124 919//1125 869//1100
f 874//1069 937//1126 851//1083
f 876//1051 888//1118 877//1103
f 877//1103 925//1127 900//1128
f 900//1128 901//1129 878//1130
f 866//1075 880//1131 881//1132
f 892//1133 914//1134 893//1076
f 882//1096 905//1135 895//1114
f 895//1114 905//1135 906//1136
f 896//1080 907//1137 908//1138
f 885//1098 908//1138 909//1122
f 871//1082 887//1117 968//1139
f 901//1140 958//1141 889//1142
f 881//1132 912//1143 913//1144
f 894//1145 915//1145 903//1145
f 903//1146 916//1147 904//1094
f 883//1115 917//1148 884//1116
f 884//1116 917//1148 918//1149
f 908//1138 907//1137 931//1150
f 910//1151 947//1152 919//1153
f 869//1100 919//1125 920//1154
f 920//1154 921//1155 870//1101
f 862//1068 956//1156 899//1157
f 899//1157 956//1156 924//1158
f 899//1159 924//1160 874//1069
f 890//1161 926//1162 864//1163
f 911//1164 941//1165 879//1089
f 941//1165 927//1166 902//1119
f 891//1105 928//1167 942//1168
f 914//1134 915//1169 894//1120
f 916//1170 915//1171 929//1172
f 904//1111 953//1173 882//1112
f 883//1115 906//1174 930//1175
f 931//1176 932//1177 909//1178
f 919//1125 947//1179 933//1180
f 920//1154 933//1180 981//1181
f 920//1154 981//1181 934//1182
f 920//1154 934//1183 921//1155
f 826//955 996//1184 873//1102
f 923//1185 935//1186 898//1187
f 937//1188 924//1160 936//1189
f 927//1166 949//1190 891//1105
f 892//1133 943//1191 914//1134
f 905//1192 953//1173 944//1193
f 918//1149 917//1148 945//1194
f 945//1195 946//1196 907//1137
f 907//1137 946//1196 931//1176
f 996//1184 923//1185 873//1102
f 936//1189 969//1197 937//1188
f 937//1126 969//1198 938//1199
f 938//1199 971//1200 875//1071
f 901//1129 939//1201 948//1202
f 928//1167 949//1190 950//1203
f 928//1167 950//1203 942//1168
f 912//1143 942//1168 951//1204
f 916//1170 929//1172 952//1205
f 922//1206 921//1155 965//1207
f 897//1208 965//1207 966//1209
f 969//1197 936//1189 957//1210
f 971//1200 939//1211 888//1212
f 948//1202 972//1213 958//1214
f 927//1166 973//1215 949//1190
f 913//1144 951//1204 960//1216
f 913//1217 960//1218 943//1191
f 974//1219 975//1220 915//1221
f 952//1222 977//1223 953//1224
f 954//1225 961//1226 962//1227
f 946//1196 945//1195 980//1228
f 946//1196 980//1228 964//1229
f 947//1179 964//1229 994//1230
f 994//1230 981//1181 933//1180
f 934//1182 981//1181 982//1231
f 956//1156 957//1232 936//1233
f 951//1204 950//1203 989//1234
f 960//1235 974//1236 943//1191
f 929//1172 975//1220 976//1237
f 945//1195 979//1238 980//1228
f 935//1186 1008//1239 956//1156
f 957//1210 1018//1240 969//1197
f 971//1200 1009//1241 939//1211
f 958//1214 972//1213 984//1242
f 998//1243 959//1244 926//1162
f 989//1245 1001//1246 960//1235
f 976//1247 991//1248 952//1222
f 977//1249 1015//1250 992//1251
f 963//1252 1003//1253 978//1254
f 979//1238 978//1255 993//1256
f 964//1229 980//1228 1004//1257
f 964//1229 1004//1257 994//1230
f 981//1181 994//1230 1006//1258
f 983//1259 967//1260 1007//1261
f 987//1262 973//1263 1000//1264
f 990//1265 1023//1266 975//1220
f 991//1248 976//1247 1014//1267
f 962//1227 992//1251 1016//1268
f 993//1256 1003//1269 1028//1270
f 980//1228 1029//1271 1004//1257
f 994//1230 1004//1257 1005//1272
f 994//1230 1005//1272 1006//1258
f 982//1231 1006//1258 995//1273
f 967//1260 1042//1274 1007//1261
f 984//1275 972//1213 1032//1276
f 999//1277 1011//1278 986//1279
f 1001//1246 1022//1280 960//1235
f 976//1237 1023//1281 1025//1282
f 992//1251 1015//1283 1026//1284
f 992//1251 1026//1284 1016//1268
f 1002//1285 1027//1286 1003//1253
f 1005//1287 1004//1288 1031//1289
f 1006//1258 1017//1290 995//1273
f 995//1273 1017//1291 1042//1274
f 719//1292 746//1293 1310//1294 1306//1295
f 1078//954 1093//1296 996//1184
f 1008//1239 1079//1297 957//1232
f 1019//1298 1020//1299 1009//1241
f 1009//1241 1032//1276 972//1213
f 1010//1300 1011//1278 999//1277
f 988//1301 1000//1302 1013//1303
f 1013//1303 1021//1304 1001//1305
f 1001//1246 1021//1306 1022//1280
f 1023//1307 1024//1308 1025//1309
f 1025//1310 1038//1311 1014//1312
f 1016//1313 1027//1286 1002//1285
f 1003//1269 1027//1314 1028//1270
f 1007//1261 1042//1274 1051//1315
f 575//1316 526//1316 1270//1316 1271//1316
f 1079//1297 1071//1317 957//1232
f 1018//1240 1043//1318 1019//1319
f 1019//1319 1043//1318 1044//1320
f 1019//1321 1044//1321 1020//1321
f 1009//1241 1020//1299 1032//1276
f 1032//1322 1033//1323 997//1324
f 1033//1325 1034//1326 1010//1300
f 1010//1300 1034//1326 1011//1278
f 1011//1327 1035//1328 1012//1329
f 1012//1329 1035//1328 1000//1330
f 1000//1302 1035//1331 1036//1332
f 1000//1302 1036//1332 1013//1303
f 1021//1333 1037//1333 1048//1333
f 1021//1306 1048//1334 1022//1280
f 1031//1289 1041//1335 1060//1336
f 968//1337 887//1338 1325//1339 1330//1337
f 872//1340 968//1341 1330//1341 1335//1342
f 1018//1343 1071//1317 1043//1344
f 1043//1318 1061//1345 1044//1320
f 1035//1331 1047//1346 1036//1332
f 1037//1347 1057//1348 1048//1349
f 1026//1350 1050//1351 1016//1313
f 1016//1313 1050//1351 1027//1286
f 1028//1270 1074//1352 1075//1353
f 1071//1317 1061//1354 1043//1344
f 1020//1355 1061//1345 1053//1356
f 1035//1331 1054//1357 1055//1358
f 1035//1331 1055//1358 1047//1346
f 1047//1359 1056//1360 1036//1361
f 1036//1332 1064//1362 1037//1347
f 1037//1347 1064//1362 1057//1348
f 1048//1363 1057//1364 1065//1365
f 1049//1366 1050//1351 1026//1350
f 1068//1367 1058//1368 1039//1369
f 1041//1335 1059//1370 1060//1336
f 1042//1274 1060//1336 1085//1371
f 1052//1372 1079//1297 1008//1239
f 1046//1373 1062//1374 1063//1375
f 1057//1364 1064//1376 1065//1365
f 1065//1365 1089//1377 1024//1308
f 1049//1378 1073//1379 1066//1380
f 1049//1366 1067//1381 1050//1351
f 1050//1351 1067//1381 1074//1352
f 1040//1382 1058//1368 1069//1383
f 1060//1336 1059//1370 1077//1384
f 1063//1385 1072//1386 1054//1387
f 1054//1387 1072//1386 1055//1388
f 1066//1380 1067//1381 1049//1366
f 1068//1367 1075//1353 1101//1389
f 1058//1368 1076//1390 1091//1391
f 1059//1370 1092//1392 1077//1384
f 1060//1336 1077//1384 1085//1371
f 1007//1261 1104//1393 1105//1394
f 1061//1354 1094//1395 1062//1396
f 1063//1385 1080//1397 1072//1386
f 1081//1398 1082//1399 1056//1360
f 1073//1379 1089//1377 1107//1400
f 1066//1380 1090//1401 1067//1381
f 1067//1381 1090//1401 1074//1352
f 1101//1389 1109//1402 1076//1390
f 1051//1315 1085//1371 1104//1393
f 1155//1403 1127//1404 1078//954
f 1078//954 1127//1404 1093//1296
f 1052//1372 1121//1405 1079//1297
f 1079//1297 1112//1406 1071//1317
f 1071//1317 1094//1395 1061//1354
f 1062//1396 1086//1407 1063//1385
f 1086//1407 1080//1397 1063//1385
f 1080//1397 1095//1408 1072//1386
f 1082//1399 1097//1409 1083//1410
f 1083//1411 1088//1412 1084//1413
f 1084//1413 1088//1412 1098//1414
f 1076//1390 1109//1402 1091//1391
f 1059//1370 1069//1383 1092//1392
f 1089//1377 1098//1414 1107//1400
f 1099//1415 1100//1416 1090//1401
f 1075//1353 1100//1416 1101//1389
f 1085//1371 1092//1392 1104//1393
f 1099//1415 1107//1400 1110//1417
f 1099//1415 1108//1418 1100//1416
f 1069//1383 1103//1419 1111//1420
f 1104//1393 1092//1392 1126//1421
f 1086//1407 1113//1422 1095//1408
f 1106//1423 1114//1424 1083//1411
f 1118//1425 1102//1426 1101//1389
f 1107//1400 1116//1427 1128//1428
f 1110//1417 1117//1429 1108//1418
f 1109//1402 1102//1426 1119//1430
f 1091//1391 1119//1430 1120//1431
f 1104//1393 1126//1421 1105//1394
f 1114//1424 1131//1432 1088//1412
f 1128//1428 1117//1429 1110//1417
f 1118//1425 1123//1433 1102//1426
f 1111//1420 1120//1431 1125//1434
f 1113//1422 1141//1435 1087//1436
f 1087//1436 1141//1435 1096//1437
f 1096//1437 1130//1438 1106//1423
f 1102//1426 1123//1433 1132//1439
f 1121//1405 1129//1440 1112//1406
f 1115//1441 1131//1432 1144//1442
f 1122//1443 1123//1433 1118//1425
f 1129//1440 1140//1444 1112//1406
f 1128//1428 1135//1445 1137//1446
f 1128//1428 1137//1446 1117//1429
f 1122//1443 1142//1447 1123//1433
f 1134//1448 1140//1444 1113//1422
f 1141//1435 1143//1449 1130//1438
f 1143//1449 1144//1442 1131//1432
f 1136//1450 1145//1451 1124//1452
f 1138//1453 1124//1452 1146//1454
f 1140//1444 1150//1455 1113//1422
f 1137//1446 1149//1456 1142//1447
f 1124//1452 1145//1451 1146//1454
f 1125//1434 1138//1453 1139//1457
f 1133//1458 1139//1457 1148//1459
f 1141//1435 1150//1455 1143//1449
f 1143//1449 1147//1460 1144//1442
f 1135//1445 1149//1456 1137//1446
f 1142//1447 1151//1461 1145//1451
f 1145//1451 1151//1461 1146//1454
f 1139//1457 1146//1454 1148//1459
f 1127//1404 1152//1462 1150//1455
f 1135//1445 1147//1460 1149//1456
f 1146//1454 1151//1461 1148//1459
f 1150//1455 1152//1462 1147//1460
f 1153//1463 1154//1464 1148//1459
f 1152//1462 1155//1403 1153//1463
f 1153//1463 1155//1403 1154//1464
f 39//39 31//30 30//29 38//47
f 1//1465 2//3 3//7
f 283//1 13//8 6//2
f 4//4 6//2 9//10
f 4//4 9//10 10//21
f 4//4 10//21 8//11
f 5//6 7//5 17//17
f 5//6 17//17 25//13
f 10//21 9//10 12//19
f 16//12 23//24 24//28
f 7//5 16//12 20//25
f 11//22 8//11 1346//32 1347//22
f 12//19 9//10 22//42
f 19//20 12//19 22//42
f 19//22 27//22 1349//22 1348//22
f 9//10 18//14 26//34
f 9//10 35//54 22//42
f 18//14 21//16 34//33
f 35//54 9//10 26//34
f 48//22 28//22 1350//22 1351//22
f 44//27 13//8 104//31
f 20//25 39//39 36//18
f 25//13 50//41 33//36
f 34//33 21//16 46//50
f 26//34 34//33 37//52
f 35//54 26//34 37//52
f 27//1466 19//20 40//43
f 28//22 11//22 1347//22 1350//22
f 30//29 29//35 38//47
f 85//133 125//134 55//61 74//60
f 27//22 48//22 1351//22 1349//22
f 23//24 28//38 41//45
f 39//39 42//48 43//40
f 43//40 54//66 32//26
f 40//43 22//42 58//55
f 43//40 66//74 54//66
f 45//37 44//27 94//57
f 47//51 46//50 56//76
f 35//54 37//52 52//58
f 35//54 52//58 58//55
f 27//1466 40//43 53//89
f 27//1466 53//89 48//1467
f 32//26 54//66 73//49
f 46//50 45//37 74//60
f 51//53 34//33 47//51
f 52//58 51//53 57//63
f 53//89 40//43 59//64
f 42//48 38//47 64//81
f 56//76 46//50 55//61
f 51//53 47//51 67//84
f 48//1467 53//89 60//108
f 41//45 48//44 60//71
f 42//48 65//110 78//59
f 47//51 75//79 67//84
f 58//55 68//70 59//1468
f 53//89 59//64 69//87
f 65//110 42//48 84//111
f 54//66 71//83 101//130
f 54//66 101//130 91//131
f 54//66 91//131 72//67
f 50//41 73//49 92//97
f 111//1469 75//79 80//78 126//114
f 80//78 56//76 86//77
f 68//70 96//105 59//1468
f 60//108 53//89 77//90
f 62//56 83//91 70//80
f 63//94 90//93 84//95
f 66//74 78//59 71//83
f 50//41 92//97 103//98
f 68//70 76//69 88//103
f 59//1468 96//105 82//117
f 108//141 89//1470 82//117 97//116
f 67//84 95//85 87//137
f 76//69 67//86 87//122
f 68//70 88//103 115//104
f 77//90 69//87 89//106
f 61//72 60//71 99//107
f 90//93 70//92 120//109
f 92//97 72//67 102//145
f 92//97 102//145 103//98
f 85//133 74//60 105//113
f 86//77 55//61 125//134
f 87//137 95//85 112//136
f 81//102 76//69 87//122
f 77//90 98//118 109//119
f 84//95 129//120 121//1471
f 100//112 84//111 121//158
f 65//110 100//127 78//59
f 86//77 125//134 110//135
f 88//103 81//102 106//125
f 96//105 117//126 97//116
f 118//142 109//119 98//118 108//1472
f 98//118 89//106 108//1472
f 83//91 99//107 120//109
f 101//130 130//129 91//131
f 105//113 79//75 124//1473
f 87//137 112//136 113//138
f 107//1474 106//1475 115//104
f 182//218 3//7 33//36 93//68
f 99//107 109//119 119//143
f 120//109 99//107 119//143
f 71//83 137//128 130//129
f 72//67 138//132 102//145
f 156//174 147//162 124//1473 123//172
f 79//75 140//99 123//172
f 110//135 125//134 148//148
f 111//1469 126//114 131//150
f 106//124 114//123 127//164
f 97//116 117//126 135//140
f 108//141 135//140 128//155
f 118//142 108//141 128//155
f 102//145 138//132 139//188
f 124//1473 79//75 123//172
f 126//114 110//135 149//149
f 112//136 111//101 159//152
f 114//123 132//154 133//165
f 127//164 114//123 133//165
f 115//104 106//1475 134//1476
f 129//120 120//109 143//157
f 129//120 143//167 144//169
f 129//120 144//169 121//1471
f 102//145 139//188 146//146
f 123//172 140//99 141//173
f 105//113 124//1473 147//162
f 132//153 112//136 142//175
f 134//178 106//124 127//164
f 135//140 170//195 128//155
f 100//127 165//185 137//128
f 91//131 154//161 138//132
f 93//68 175//121 182//218
f 3//7 182//218 1//1465
f 141//173 140//99 155//171
f 150//1477 169//1478 116//139 115//104
f 142//175 112//136 176//163
f 132//154 161//192 133//165
f 134//178 127//164 162//179
f 115//104 134//1476 150//1477
f 217//1479 218//1479 181//1479 194//1479
f 117//126 116//139 151//181
f 135//140 117//126 163//182
f 135//140 163//182 170//195
f 143//157 136//156 152//183
f 130//129 173//160 154//161
f 138//132 174//187 139//188
f 140//99 122//100 261//170
f 132//154 160//176 161//192
f 150//1480 134//178 168//180
f 151//181 116//139 169//1478
f 164//168 143//157 171//184
f 165//159 144//169 164//168
f 137//128 192//186 145//144
f 145//144 153//207 173//160
f 158//202 149//149 148//148
f 159//152 149//149 158//202
f 133//165 186//193 201//242
f 133//165 201//242 167//177
f 162//166 167//177 168//1481
f 152//183 136//156 191//196
f 165//159 172//197 180//247
f 145//144 192//186 153//207
f 154//161 194//198 181//199
f 156//174 141//173 196//201
f 166//191 147//162 183//209
f 150//1480 168//180 169//213
f 151//181 169//1478 178//214
f 128//155 190//205 191//196
f 152//183 191//196 171//184
f 164//168 179//206 172//197
f 165//159 180//247 192//1482
f 173//160 193//208 194//198
f 174//187 181//199 207//1483
f 146//146 208//200 195//190
f 147//162 156//174 183//209
f 158//202 148//148 197//210
f 176//163 159//152 185//211
f 186//193 187//1484 201//242
f 167//177 201//242 177//229
f 178//1485 169//213 188//212
f 171//184 206//216 179//1486
f 174//187 207//1483 221//189
f 175//121 195//190 230//217
f 166//191 183//209 209//219
f 184//203 198//236 185//211
f 186//193 199//221 200//272
f 187//1487 186//1487 200//1487
f 191//196 215//223 204//259
f 191//196 204//259 205//224
f 179//1486 206//216 216//234
f 172//197 179//206 216//234
f 180//247 172//197 216//234
f 238//1488 237//1488 1180//1488 1175//1488
f 482//1489 467//1489 1250//1489 1254//1489
f 259//1490 247//1490 1186//1490 1182//1490
f 222//225 223//1491 196//201 155//171
f 181//1492 218//1492 207//1492
f 359//1493 488//1493 1238//1493 1208//1493
f 197//210 209//219 243//266
f 184//203 158//202 210//227
f 198//267 184//203 210//227
f 187//1494 200//255 201//254
f 177//229 201//242 213//230
f 188//212 168//231 213//230
f 202//1495 178//1485 188//212
f 397//1496 408//1497 1231//1498 1230//1496
f 546//1499 481//1499 1253//1499 1259//1499
f 466//1500 500//1501 1252//1502 1247//1503
f 382//1504 397//1505 1230//1505 1228//1506
f 183//209 196//201 223//1491
f 185//211 225//237 211//228
f 199//221 142//175 226//238
f 199//221 233//270 200//272
f 201//242 227//241 213//230
f 202//1495 188//212 229//244
f 203//257 202//1495 229//244
f 190//205 235//245 215//223
f 278//1507 268//1508 1194//1509 1199//1510
f 217//1511 194//1511 1161//1511 1166//1511
f 272//290 226//238 211//220 252//1512
f 467//1513 453//1513 1241//1513 1250//1513
f 383//1514 328//1514 1207//1514 1224//1514
f 223//1491 222//225 262//249
f 209//219 183//209 250//265
f 212//1515 201//254 234//256
f 212//1516 234//271 227//1517
f 214//232 203//222 246//1518
f 204//259 235//1519 236//260
f 206//216 236//274 237//233
f 216//234 237//233 238//246
f 328//1520 305//1521 1202//1522 1207//1520
f 240//1523 239//284 248//1524
f 219//262 240//1523 241//263
f 220//264 241//263 260//301
f 304//1525 357//1525 1210//1525 1200//1525
f 222//225 261//170 242//248
f 183//209 223//1491 270//276
f 197//210 243//266 244//302
f 210//227 224//226 231//250
f 225//251 251//1526 232//252
f 213//230 245//273 254//294
f 213//230 254//294 228//243
f 214//1527 246//1528 256//296
f 214//1527 256//296 235//298
f 235//1519 257//1529 236//260
f 268//1508 259//1530 1182//1530 1194//1509
f 240//1523 248//1524 241//263
f 354//1531 382//1504 1228//1506 1217//1531
f 305//1521 278//1507 1199//1510 1202//1522
f 231//250 197//210 244//302
f 198//267 271//277 251//268
f 232//1532 251//287 252//289
f 290//333 256//1533 246//1534 267//1535
f 227//1517 234//271 265//292
f 245//305 227//1517 265//292
f 229//244 228//243 254//294
f 452//1536 466//1500 1247//1503 1245//1537
f 247//282 280//321 269//283
f 239//284 269//283 248//1524
f 270//276 223//1491 262//249
f 243//266 250//265 286//285
f 244//302 243//266 263//286
f 251//268 271//277 264//1538
f 226//238 273//291 253//314
f 255//1539 229//244 266//295
f 246//1540 255//1540 267//1540
f 276//1541 258//1542 236//260 293//1543
f 235//1519 291//1544 257//1529
f 236//260 257//1529 293//1543
f 279//318 247//282 259//1545 268//319
f 258//1542 276//1541 277//1546
f 287//303 271//327 210//227 231//250
f 242//248 261//170 284//340
f 262//249 285//339 270//276
f 302//309 267//308 255//1547 266//1547
f 277//1548 276//1548 1198//1548 1192//1548
f 256//1533 290//333 291//335
f 257//1529 291//1544 292//1549
f 257//1529 292//1549 293//1543
f 237//1550 277//1550 1192//1550 1180//1550
f 247//282 279//318 280//321
f 241//263 248//322 281//300
f 293//1551 292//1552 1196//1552 1197//1553
f 262//249 242//248 285//339
f 274//1554 253//314 300//315
f 266//295 254//294 289//1555
f 266//295 289//1555 301//1556
f 266//1557 301//349 302//351
f 267//1535 303//352 290//333
f 334//385 300//315 273//291 299//332
f 512//1558 527//1558 1256//1558 1255//1558
f 248//322 269//283 308//396
f 248//322 308//396 329//323
f 285//339 242//248 284//340
f 270//276 285//339 309//402
f 244//302 310//313 321//1559
f 244//302 321//1559 287//303
f 271//327 296//326 297//329
f 264//328 271//327 297//329
f 252//1560 298//1560 272//1560
f 353//1561 303//1562 302//351 316//350
f 288//306 274//1554 300//315
f 289//1555 254//294 275//293
f 292//354 291//1563 338//355
f 276//1564 293//1551 1197//1553 1198//1564
f 292//1565 304//1565 1200//1565 1196//1565
f 269//283 307//338 308//396
f 281//300 329//323 294//324
f 1261//1566 182//1567 1262//1567 1266//1566
f 270//276 309//402 320//312
f 295//325 286//285 332//382
f 287//303 321//1559 322//1568
f 287//303 322//1568 296//326
f 299//366 272//1569 312//367
f 288//306 300//315 313//1570
f 289//1555 275//293 314//1571
f 289//1572 314//389 315//391
f 289//1572 315//391 301//1573
f 481//1574 513//1574 1257//1574 1253//1574
f 290//1575 317//410 338//412
f 292//354 318//356 304//374
f 439//1576 452//1576 1245//1576 1242//1576
f 356//1577 355//1578 1218//1579 1219//1577
f 279//318 342//360 319//378
f 306//337 319//393 307//338
f 339//1580 356//1580 1219//1580 1214//1580
f 513//1581 482//1581 1254//1581 1257//1581
f 261//170 330//235 361//401
f 286//285 320//312 332//382
f 297//1582 323//1582 311//1582
f 298//346 324//1583 312//347
f 334//385 299//332 326//439
f 313//384 300//315 334//385
f 314//387 275//307 327//370
f 301//1584 315//391 316//1585
f 303//1562 353//1561 317//410
f 350//418 364//1586 322//1587 321//1588
f 278//317 341//1589 342//360
f 308//396 307//338 319//393
f 348//1590 359//1590 1208//1590 1213//1590
f 284//340 261//170 361//401
f 309//402 285//339 331//341
f 310//344 295//343 333//383
f 321//1588 310//344 333//383
f 296//1591 365//1591 323//1591
f 288//306 313//1570 335//1592
f 327//370 288//306 335//1592
f 314//1593 352//408 336//407
f 315//391 336//390 337//1594
f 315//391 337//1594 316//1585
f 317//410 353//1561 355//411
f 355//1578 354//1595 1217//1595 1218//1579
f 341//359 328//376 340//1596
f 308//396 319//393 358//395
f 329//323 308//396 345//398
f 294//324 346//399 347//379
f 282//380 385//400 348//413
f 320//312 309//402 349//479
f 332//382 320//312 387//481
f 321//1588 333//383 350//418
f 364//1586 365//433 296//1597 322//1587
f 351//1598 367//436 312//1599 324//1598
f 356//1600 339//1600 338//412 355//411
f 312//1599 367//436 325//368
f 327//370 335//1592 368//405
f 316//426 337//1601 371//427
f 353//1602 354//1603 355//1604
f 195//1605 208//1606 1170//1607 1162//1605
f 500//1501 512//1608 1255//1608 1252//1502
f 182//1609 230//1609 1163//1609 1174//1609
f 230//1610 195//1610 1162//1610 1163//1610
f 379//442 368//441 335//1611 334//385
f 340//429 328//1612 383//430
f 341//1589 374//465 342//360
f 344//397 308//396 358//395
f 346//399 329//323 345//398
f 349//479 309//402 362//403
f 387//481 320//312 349//479
f 332//382 387//481 363//452
f 311//1613 323//421 366//420
f 366//470 376//488 351//404 311//364
f 352//1614 369//1615 370//1616
f 337//425 370//424 371//1617
f 353//1618 316//426 372//428
f 354//1603 353//1602 372//1619
f 221//1620 207//1621 1168//1622 1169//1623
f 218//1624 217//1625 1166//1625 1167//1626
f 425//1627 440//1628 1236//1629 1244//1630
f 341//1589 373//463 374//465
f 342//360 374//465 343//377
f 346//399 400//450 347//379
f 348//413 385//400 429//414
f 362//403 331//341 375//477
f 389//417 333//383 402//416
f 364//1586 350//418 389//417
f 365//433 364//1586 403//434
f 366//1631 365//433 391//435
f 376//488 377//487 367//1632 351//404
f 380//1633 381//460 372//428 371//427
f 334//385 378//440 379//442
f 369//1634 379//457 394//459
f 370//1616 369//1615 394//1635
f 370//1636 394//1637 380//1638
f 371//1639 370//1639 380//1639
f 375//477 386//480 349//479 362//403
f 208//1606 221//1620 1169//1623 1170//1607
f 357//1640 339//1640 1214//1640 1210//1640
f 240//1641 219//1642 1171//1643 1183//1644
f 282//1645 348//1646 1213//1646 1195//1647
f 373//1648 383//446 398//448
f 374//465 412//1649 343//377
f 347//379 400//450 385//400
f 375//477 331//341 401//451
f 396//1650 381//1651 380//1652 395//1652
f 363//452 387//481 388//469
f 364//1586 389//417 390//484
f 380//1638 394//1637 395//1653
f 397//1654 382//445 372//428 408//461
f 407//508 395//1655 394//1656 423//1657
f 220//1658 260//1658 1187//1658 1172//1658
f 453//1659 425//1627 1244//1630 1241//1659
f 374//465 426//495 412//1649
f 358//395 343//394 413//467
f 403//434 364//1586 390//484
f 391//435 403//434 418//485
f 392//453 391//435 418//485
f 376//488 366//470 419//472
f 378//438 393//437 405//1660
f 379//442 378//440 422//1661
f 379//1662 422//1662 406//1662
f 394//1656 406//1663 423//1657
f 417//483 434//1664 389//417 402//416
f 396//490 395//1665 407//1666
f 381//1651 396//1650 408//1667
f 219//1642 220//1668 1172//1668 1171//1643
f 193//1669 153//1669 1158//1669 1160//1669
f 398//1670 410//493 426//495
f 426//495 411//511 412//1649
f 358//395 413//467 414//496
f 384//449 358//395 414//496
f 384//449 428//497 344//397
f 361//401 330//235 431//546
f 401//451 432//381 474//518
f 386//480 375//477 416//478
f 405//1660 421//1671 422//1672 378//438
f 377//487 449//489 404//500
f 404//456 436//502 393//437
f 405//1660 393//1673 420//1674
f 439//509 407//508 423//1657 438//525
f 396//490 407//1666 424//491
f 239//1675 240//1641 1183//1644 1179//1675
f 260//1676 249//1676 1188//1676 1187//1676
f 194//1677 193//1677 1160//1677 1161//1677
f 413//467 427//513 414//496
f 488//1678 534//1678 1251//1678 1238//1678
f 390//484 389//417 435//537
f 418//485 390//484 435//537
f 419//472 418//486 476//499
f 420//1679 393//437 450//503
f 450//1680 451//1681 405//1660 420//1674
f 360//1682 182//1683 1174//1683 1209//1682
f 534//1684 430//1684 1258//1684 1251//1684
f 408//1497 424//1685 1239//1686 1231//1498
f 409//447 440//531 455//532
f 412//466 411//541 441//543
f 412//466 441//543 442//512
f 413//467 442//512 427//513
f 344//397 471//515 399//468
f 385//400 472//516 415//475
f 409//1687 383//1687 1224//1687 1237//1687
f 432//381 361//401 431//546
f 388//469 445//519 433//482
f 434//1664 417//483 447//521
f 389//417 434//1664 447//521
f 435//537 389//417 447//521
f 449//1688 376//1689 448//1690
f 438//1691 423//1692 406//507 464//524
f 421//1671 405//1660 451//1681
f 421//504 451//1693 479//1694
f 421//504 479//1694 437//505
f 207//1621 218//1624 1167//1626 1168//1622
f 461//539 462//1695 418//485 435//537
f 440//1628 409//1696 1237//1696 1236//1629
f 527//1697 546//1697 1259//1698 1256//1699
f 440//531 454//530 455//532
f 410//473 409//447 456//533
f 410//493 456//1700 457//494
f 457//494 484//581 411//511
f 428//497 414//496 470//534
f 399//468 471//515 458//565
f 399//468 458//565 443//474
f 488//476 415//475 473//535
f 416//478 401//451 474//518
f 445//519 386//480 459//536
f 433//482 445//519 490//568
f 433//482 490//568 446//520
f 477//553 450//552 436//501 449//489
f 508//638 435//537 447//521 491//569
f 451//1681 450//1680 463//555
f 437//1701 479//1701 464//1701
f 438//1691 464//524 452//560
f 452//1702 465//578 466//577
f 249//1703 282//1645 1195//1647 1188//1703
f 153//1704 192//1704 1157//1704 1158//1704
f 456//533 455//532 468//1705
f 456//1706 468//1706 457//1706
f 444//517 432//381 536//547
f 459//536 416//478 522//587
f 446//520 490//568 475//637
f 495//1707 509//1708 449//1688 448//1690
f 460//538 435//537 508//638
f 461//1709 493//1709 462//1709
f 448//522 476//499 494//572
f 450//1680 478//574 463//555
f 464//1710 479//1711 480//1712
f 452//560 511//559 465//1713
f 424//1685 439//1714 1242//1714 1239//1686
f 430//1715 360//1682 1209//1682 1258//1715
f 454//530 483//561 468//540
f 457//494 515//562 484//581
f 442//512 441//543 501//582
f 469//514 427//513 485//563
f 472//516 443//474 504//603
f 472//516 504//603 473//535
f 473//535 487//605 488//476
f 474//518 444//517 489//567
f 474//518 489//567 521//586
f 474//518 521//586 416//478
f 509//1708 510//592 477//1716 449//1688
f 541//686 493//1717 508//1717 556//687
f 480//1712 479//1711 497//1718
f 480//576 498//1719 511//559
f 466//1720 499//596 500//595
f 483//561 467//529 514//1721
f 443//474 503//1722 520//632
f 443//474 520//632 504//603
f 473//535 554//604 487//605
f 490//568 459//536 507//589
f 478//591 477//1716 510//592
f 496//1723 524//1724 545//1725
f 496//1723 545//1725 497//613
f 465//1713 511//559 499//1726
f 180//1727 238//1727 1175//1727 1156//1727
f 192//1728 180//1728 1156//1728 1157//1728
f 247//1729 239//1729 1179//1729 1186//1729
f 467//529 482//1730 513//1731
f 501//582 484//542 563//599
f 485//563 442//512 516//628
f 502//564 485//563 517//600
f 518//584 502//564 531//601
f 486//545 518//584 519//602
f 503//1722 519//1732 520//632
f 506//588 522//587 568//659
f 490//568 507//589 523//634
f 491//569 475//548 540//639
f 508//638 491//569 540//639
f 492//571 508//570 493//551
f 494//572 493//590 541//663
f 509//1733 495//573 542//608
f 497//613 545//1725 525//614
f 498//1734 525//644 511//643
f 1148//1735 1154//1735 1343//1735 1340//1735
f 467//529 513//1731 528//1736
f 514//1721 467//529 528//1736
f 514//1721 528//1736 529//623
f 483//561 514//1721 529//623
f 515//562 483//561 529//623
f 516//583 501//582 563//599
f 485//563 552//629 517//600
f 519//602 518//584 532//630
f 507//589 506//588 538//681
f 523//683 507//589 538//681
f 475//637 539//636 540//1737
f 577//1738 561//1738 547//1738 546//1738
f 494//572 541//663 542//608
f 509//1733 542//608 543//666
f 527//647 575//649 546//673
f 481//1739 546//1739 547//1739
f 528//1740 547//1741 548//1742
f 529//1743 528//1740 548//1742
f 529//1743 548//1742 549//1744
f 517//600 564//1745 553//655
f 518//584 531//601 565//656
f 532//630 518//584 565//656
f 519//1732 533//631 520//632
f 520//632 581//678 596//657
f 537//607 489//567 505//585
f 521//586 537//607 567//718
f 540//662 555//661 556//1746
f 545//668 544//1747 572//669
f 525//644 545//1748 558//671
f 525//644 574//672 559//645
f 561//1749 562//1750 548//1751 547//1749
f 587//1752 572//667 543//641 586//1753
f 549//1754 548//1751 562//1750
f 520//632 533//631 566//677
f 521//586 567//718 568//659
f 555//661 570//702 600//722
f 555//661 600//722 556//1746
f 541//663 601//724 585//689
f 897//1755 966//1756 1327//1756 1324//1757
f 560//1758 559//1758 590//1758
f 720//1759 710//1759 1309//1759 1311//1759
f 577//712 575//1760 576//713
f 561//1761 577//1762 594//1763
f 561//1761 594//1763 578//1764
f 562//1765 578//1765 579//1765
f 563//1766 550//693 580//695
f 837//1767 897//1755 1324//1757 1318//1768
f 1007//1769 1070//1769 1337//1769 1333//1769
f 532//630 624//715 533//631
f 554//604 596//657 658//658
f 536//547 535//633 639//741
f 567//718 537//607 582//697
f 568//659 567//718 598//680
f 538//679 598//680 569//721
f 600//722 570//702 584//704
f 556//1746 600//722 601//724
f 542//608 617//705 557//665
f 573//729 558//670 572//669
f 559//645 605//707 589//1770
f 575//1771 590//1772 591//1773
f 575//709 591//797 592//710
f 966//1774 967//1774 1331//1774 1327//1774
f 1070//1775 1105//1775 1338//1775 1337//1775
f 1133//1776 1148//1777 1340//1777 1339//1778
f 967//1779 983//1779 1329//1779 1331//1779
f 688//1780 637//1781 1300//1781 1341//1782
f 602//1783 603//727 572//669 587//1783
f 566//677 533//631 609//738
f 581//678 566//677 609//738
f 535//633 431//546 597//717
f 536//547 639//741 505//585
f 557//665 617//705 618//761
f 557//665 618//761 586//1784
f 621//1785 606//1785 590//1785 589//1785
f 573//729 572//669 619//728
f 588//1786 573//729 604//730
f 632//1787 621//1788 620//1789 631//1789
f 590//1772 606//1790 591//1773
f 576//711 592//710 593//755
f 594//1791 577//712 593//714
f 595//737 607//736 608//1792
f 595//1793 608//1794 1290//1794 1284//1795
f 983//1796 1007//1796 1333//1796 1329//1796
f 581//678 609//738 625//758
f 430//923 534//606 612//921
f 567//718 640//743 641//1797
f 585//1798 628//782 616//784
f 586//1784 618//761 646//763
f 587//1752 586//1753 646//1799
f 602//1800 587//750 629//752
f 605//732 588//1801 620//754
f 607//1802 593//755 635//757
f 607//1802 635//757 622//769
f 608//1803 607//1803 622//1803
f 654//1804 688//1780 1341//1782 1299//1805
f 754//1806 783//1807 1314//1808 1319//1809
f 563//1810 580//1811 1277//1812 1278//1813
f 610//716 581//678 625//758
f 596//657 610//716 626//773
f 598//680 641//719 599//720
f 600//722 584//704 614//748
f 617//705 665//759 666//760
f 618//761 666//760 645//762
f 602//1814 629//788 603//790
f 619//1815 603//1816 630//1817
f 619//1818 630//791 604//793
f 526//1819 499//1819 1268//1819 1270//1819
f 606//1820 621//1788 632//1787
f 606//1821 633//1822 591//797
f 634//756 592//710 650//799
f 636//1823 654//1804 1299//1805 1298//1823
f 690//1824 655//1825 1303//1826 1307//1827
f 649//1828 632//1828 631//1828 669//1828
f 511//1829 560//1829 1269//1829 1267//1829
f 627//739 596//657 626//773
f 641//1797 640//743 660//854
f 583//703 613//775 642//778
f 614//748 583//703 642//778
f 615//723 600//1830 643//780
f 628//749 615//723 664//781
f 629//752 646//751 647//1831
f 630//1817 603//1816 648//1832
f 631//1833 604//794 668//796
f 672//798 591//797 633//1822 671//1834
f 623//1835 553//1836 1274//1836 1296//1837
f 634//802 651//801 673//803
f 661//820 662//819 641//1797 660//854
f 636//1838 676//1839 677//1840
f 636//1838 677//1840 654//1841
f 608//770 653//771 1297//1842 1290//1842
f 825//1843 754//1806 1319//1809 1320//1844
f 624//715 623//696 655//805
f 625//758 624//715 656//807
f 612//921 534//606 611//740
f 640//743 659//774 660//854
f 594//1845 595//1793 1284//1795 1283//1846
f 614//748 642//778 643//779
f 665//833 616//784 644//783
f 645//762 666//760 684//810
f 646//763 684//810 647//786
f 630//1817 648//1832 667//1847
f 633//767 632//766 670//1848
f 652//1849 635//1849 674//1849
f 653//1850 652//1851 675//849
f 654//814 677//1852 709//815
f 704//1853 650//800 672//842 686//844
f 658//658 627//739 692//818
f 535//633 810//871 678//742
f 639//741 678//742 659//774
f 664//827 680//829 681//830
f 665//833 682//834 683//1854
f 666//760 683//835 697//836
f 647//786 684//810 698//838
f 648//787 698//838 667//1855
f 668//1856 667//1855 685//877
f 671//1857 633//1857 702//1857
f 700//1858 701//1859 649//1860 669//1858
f 651//801 705//1861 673//803
f 674//847 673//1862 687//862
f 675//849 652//1851 706//863
f 676//864 653//1863 707//865
f 637//868 688//816 689//869
f 656//807 690//806 710//1864
f 625//758 691//817 657//808
f 659//774 678//742 711//872
f 662//819 679//821 695//882
f 663//777 695//822 724//823
f 642//778 724//823 696//1865
f 643//826 696//825 680//829
f 644//832 681//830 682//873
f 685//877 667//1855 698//838
f 669//1866 668//858 700//860
f 708//866 709//815 677//1867 676//864
f 649//1860 701//1859 670//1868
f 671//1869 703//889 686//1870
f 650//800 704//1853 705//845
f 673//1862 705//845 687//862
f 887//1338 848//1871 1323//1872 1325//1339
f 689//869 688//816 718//867
f 735//941 694//1873 661//1874 660//854
f 611//740 658//658 722//1875
f 695//882 679//821 694//855
f 695//822 723//1876 724//823
f 696//1865 724//823 712//1877
f 680//829 696//825 725//901
f 681//830 680//829 726//903
f 682//873 681//830 713//874
f 683//835 713//874 714//856
f 697//836 714//856 715//875
f 698//838 684//810 728//1878
f 685//1879 728//906 699//908
f 702//840 716//878 703//914
f 686//1870 703//889 704//891
f 687//862 731//893 706//848
f 708//866 707//865 717//897
f 709//815 708//866 717//897
f 578//1764 594//1763 1283//1880 1275//1880
f 656//807 710//1864 721//880
f 691//817 656//807 753//881
f 657//808 733//899 773//952
f 657//808 773//952 638//772
f 692//818 638//772 773//952
f 678//742 810//871 734//924
f 678//742 734//924 711//872
f 741//910 701//1881 700//1882 740//1882
f 695//882 694//855 759//883
f 724//823 723//1876 761//945
f 680//829 725//901 726//903
f 681//830 726//903 713//874
f 714//856 737//929 715//875
f 776//960 736//902 712//947 775//946
f 670//912 701//1881 741//910
f 704//891 729//890 730//916
f 705//845 704//1853 730//892
f 687//862 705//845 731//893
f 707//1883 706//896 732//895
f 717//897 707//865 744//918
f 719//870 689//869 752//977
f 719//870 752//977 746//979
f 692//818 773//952 774//852
f 722//1875 658//658 774//852
f 660//854 758//900 735//941
f 694//1873 735//941 759//943
f 696//825 712//947 725//901
f 726//903 736//902 713//874
f 699//859 738//1884 739//909
f 703//914 767//913 729//1885
f 731//893 730//892 743//1886
f 718//867 709//815 745//898
f 689//869 718//867 771//950
f 752//977 689//869 771//950
f 733//899 691//817 753//881
f 611//740 722//1875 755//919
f 612//921 611//740 872//920
f 330//235 1155//1403 597//717
f 693//853 757//926 758//900
f 724//823 761//945 712//947
f 725//901 712//947 736//902
f 713//874 785//928 762//904
f 727//885 763//930 747//1887
f 728//887 727//885 747//1887
f 738//1888 728//887 747//1887
f 739//909 738//1884 764//986
f 740//933 779//932 765//964
f 740//933 765//964 741//1889
f 729//1885 767//913 742//968
f 743//948 730//916 748//934
f 732//895 731//894 749//1890
f 745//974 717//897 751//937
f 772//1891 793//1892 1316//1893 1313//1894
f 733//899 753//881 754//951
f 711//872 756//925 757//926
f 735//941 758//900 796//942
f 777//1003 778//1895 738//1888 747//1887
f 736//902 776//960 785//928
f 739//931 764//986 779//932
f 741//1889 765//964 766//965
f 767//967 741//1889 766//965
f 742//968 767//913 768//969
f 749//990 743//948 769//949
f 752//977 771//950 791//976
f 1105//1896 1133//1776 1339//1778 1338//1896
f 722//1875 774//852 755//919
f 810//871 861//956 734//924
f 758//900 784//940 795//957
f 759//943 796//942 760//1897
f 763//930 737//905 802//962
f 747//1887 763//930 777//1898
f 788//970 780//1899 748//1899 742//968
f 738//1884 778//984 764//986
f 765//964 787//963 766//965
f 806//987 818//1900 788//1900 768//966
f 748//934 780//1901 769//949
f 732//917 749//990 781//971
f 744//918 732//917 781//971
f 750//936 744//918 808//972
f 770//1902 745//974 790//975
f 746//979 792//978 782//995
f 772//994 746//1903 782//995
f 754//951 753//881 783//939
f 774//852 794//953 755//919
f 775//946 799//981 800//982
f 763//930 802//962 815//1904
f 763//930 815//1904 777//1898
f 766//965 806//987 768//966
f 781//971 749//990 807//991
f 560//1905 590//1905 1282//1905 1269//1905
f 553//1906 564//1907 1273//1908 1274//1906
f 793//1892 837//1767 1318//1768 1316//1893
f 757//926 756//925 850//998
f 760//1897 796//942 797//1012
f 785//928 801//961 786//983
f 778//1895 777//1003 816//1002
f 779//1004 804//1006 805//1007
f 809//1064 820//1027 790//975 808//992
f 847//1030 822//1048 792//1909 791//1029
f 791//1029 770//1902 790//975
f 794//953 773//952 825//997
f 795//957 812//999 827//1070
f 799//1910 798//1013 852//1015
f 800//982 841//1016 814//1017
f 801//961 814//1017 828//1018
f 816//1002 815//1001 829//1057
f 803//1038 778//1911 816//1035
f 804//1912 803//1913 831//1914
f 787//963 817//1040 806//987
f 789//1041 788//1915 819//1042
f 789//1008 833//1062 807//991
f 808//972 781//971 834//1026
f 791//1029 790//975 821//1028
f 842//1058 829//1057 815//1001 802//1916
f 782//995 792//978 823//1031
f 793//996 782//995 824//1032
f 734//924 849//1033 811//1010
f 850//998 851//1083 839//1034
f 812//999 839//1034 827//1070
f 799//1910 852//1015 813//1085
f 786//983 828//1018 842//1019
f 886//1124 869//1100 823//1031 836//1917
f 803//1913 830//1918 831//1914
f 818//1023 858//1919 819//1024
f 808//1920 834//1920 846//1920
f 809//1064 808//992 835//1046
f 823//1031 792//978 836//1917
f 564//1907 551//1921 1272//1922 1273//1908
f 580//1811 579//1923 1276//1923 1277//1812
f 755//919 794//953 871//1082
f 811//1010 849//1033 838//1067
f 797//1012 876//1051 852//1104
f 828//1018 814//1053 863//1055
f 828//1018 863//1055 853//1056
f 830//1037 829//1036 855//1061
f 817//1040 844//1039 857//1121
f 818//1022 817//1021 857//1077
f 834//1026 807//991 845//1063
f 834//1924 845//1063 846//1045
f 821//1028 820//1027 847//1030
f 837//1925 793//996 860//1066
f 842//1019 853//1056 865//1926
f 855//1061 843//1060 854//1927
f 830//1918 855//1108 856//1107
f 831//1914 830//1918 856//1107
f 804//1006 866//1928 805//1007
f 844//1039 893//1076 857//1121
f 809//1064 835//1046 859//1065
f 847//1030 820//1027 896//1080
f 892//1133 893//1076 805//1007 866//1928
f 824//1032 823//1031 860//1066
f 848//1871 825//1843 1320//1844 1323//1872
f 849//1033 898//1187 862//1068
f 839//1034 938//1199 875//1071
f 827//1070 875//1071 876//1051
f 840//1086 813//1085 900//1084
f 841//1054 840//1086 878//1087
f 841//1054 878//1087 863//1055
f 853//1929 863//1055 864//1163
f 853//1929 864//1163 879//1089
f 919//1930 886//1081 868//1099 910//1930
f 832//1043 819//1042 904//1931
f 835//1046 846//1045 867//1079
f 885//1098 847//1030 896//1080
f 822//1048 847//1030 868//1099
f 860//1066 823//1031 870//1101
f 597//717 1155//1403 1078//954
f 849//1033 873//1102 898//1187
f 874//1069 838//1067 862//1068
f 839//1034 851//1083 938//1199
f 852//1104 877//1103 900//1128
f 863//1055 878//1087 889//1142
f 854//1106 891//1105 855//1108
f 866//1075 881//1132 892//1133
f 867//1079 846//1045 884//1116
f 859//1065 867//1079 884//1116
f 579//1932 578//1932 1275//1932 1276//1932
f 499//1933 511//1933 1267//1933 1268//1933
f 851//1083 937//1126 938//1199
f 878//1087 901//1140 889//1142
f 863//1055 889//1142 890//1161
f 863//1055 890//1161 864//1163
f 880//1109 855//1108 891//1105
f 866//1075 856//1092 880//1131
f 903//1110 857//1077 894//1934
f 858//1093 903//1146 904//1094
f 885//1098 896//1080 908//1138
f 868//1099 885//1098 910//1123
f 943//1191 892//1133 881//1132 913//1217
f 837//1925 860//1066 897//1208
f 590//1935 575//1935 1271//1935 1282//1935
f 721//1936 720//1937 1311//1937 1312//1938
f 872//920 871//1082 968//1139
f 861//956 826//955 873//1102
f 874//1069 862//1068 899//1159
f 877//1103 888//1118 925//1127
f 865//1090 902//1119 891//1105
f 893//1076 914//1134 894//1120
f 883//1115 895//1097 906//1174
f 859//1065 884//1116 907//1137
f 896//1080 859//1065 907//1137
f 870//1101 869//1100 920//1154
f 897//1208 860//1066 922//1206
f 653//1939 676//1939 1302//1939 1297//1939
f 873//1102 923//1185 898//1187
f 900//1128 925//1127 901//1129
f 864//1163 911//1164 879//1089
f 879//1089 941//1165 902//1119
f 891//1105 942//1168 880//1109
f 881//1132 880//1131 912//1143
f 921//1155 922//1206 860//1066 870//1101
f 916//1170 903//1940 915//1171
f 907//1137 884//1116 918//1941
f 909//1122 908//1138 931//1150
f 909//1178 955//1942 910//1151
f 940//1943 890//1161 889//1142 958//1141
f 783//1807 721//1936 1312//1938 1314//1808
f 826//955 1078//954 996//1184
f 862//1068 898//1187 956//1156
f 874//1069 924//1160 937//1188
f 911//1944 864//1944 926//1944
f 902//1119 927//1166 891//1105
f 880//1109 942//1168 912//1945
f 905//1192 882//1112 953//1173
f 906//1136 905//1135 944//1193
f 883//1115 930//1946 917//1148
f 907//1137 918//1941 945//1195
f 909//1178 932//1177 955//1942
f 910//1151 955//1942 947//1152
f 920//1154 919//1125 933//1180
f 898//1187 935//1186 956//1156
f 925//1127 888//1118 939//1201
f 901//1129 925//1127 939//1201
f 710//1947 690//1824 1307//1827 1309//1947
f 890//1161 940//1943 926//1162
f 911//1948 926//1948 941//1948
f 928//1167 891//1949 949//1190
f 913//1144 912//1143 951//1204
f 914//1134 943//1191 974//1236
f 914//1134 974//1236 915//1169
f 930//1175 906//1174 954//1950
f 931//1176 946//1196 932//1177
f 897//1208 922//1206 965//1207
f 953//1224 904//1094 916//1147 952//1222
f 924//1158 956//1156 936//1233
f 938//1199 969//1198 970//1951
f 875//1071 971//1200 888//1212
f 901//1129 948//1202 958//1214
f 961//1226 954//1225 906//1136 944//1193
f 977//1952 961//1226 944//1193 953//1173
f 917//1953 930//1953 979//1953
f 945//1954 917//1954 979//1954
f 933//1180 947//1179 994//1230
f 938//1199 970//1951 971//1200
f 941//1955 926//1162 959//1244
f 941//1955 959//1244 985//1956
f 941//1165 985//1957 927//1166
f 929//1172 915//1221 975//1220
f 998//1243 940//1943 958//1141 984//1958
f 954//1959 962//1959 963//1959
f 930//1960 954//1960 963//1960
f 930//1961 963//1961 978//1961
f 930//1962 978//1962 979//1962
f 932//1177 946//1196 964//1229
f 955//1942 932//1177 964//1229
f 947//1179 955//1942 964//1229
f 934//1183 982//1231 965//1207
f 921//1155 934//1183 965//1207
f 923//1185 996//1184 935//1186
f 948//1202 939//1211 972//1213
f 746//1293 772//1891 1313//1894 1310//1294
f 940//1943 998//1243 926//1162
f 927//1166 985//1957 973//1963
f 950//1203 949//1190 973//1215
f 951//1204 942//1168 950//1203
f 960//1964 951//1204 989//1234
f 974//1219 990//1265 975//1220
f 952//1205 929//1172 976//1237
f 966//1209 965//1207 995//1273
f 967//1260 966//1209 995//1273
f 998//1243 999//1965 985//1956 959//1244
f 1154//1966 612//1966 1342//1966 1343//1966
f 969//1197 1018//1240 970//1967
f 971//1200 970//1951 1009//1241
f 985//1968 986//1279 973//1969
f 950//1203 973//1263 987//1262
f 950//1203 987//1262 988//1970
f 950//1203 988//1970 989//1234
f 974//1236 960//1235 990//1971
f 977//1223 952//1222 991//1248
f 977//1223 991//1248 1015//1972
f 961//1226 977//1249 992//1251
f 962//1227 961//1226 992//1251
f 980//1228 979//1238 993//1256
f 982//1231 981//1181 1006//1258
f 965//1207 982//1231 995//1273
f 935//1186 996//1184 1052//1372
f 935//1186 1052//1372 1008//1239
f 970//1951 1019//1298 1009//1241
f 984//1958 997//1973 998//1243
f 1016//1268 1002//1974 963//1974 962//1227
f 985//1968 999//1277 986//1279
f 987//1262 1000//1264 988//1970
f 960//1235 1022//1280 990//1971
f 976//1237 975//1220 1023//1281
f 991//1248 1014//1267 1015//1975
f 1028//1270 1029//1271 980//1228 993//1256
f 963//1252 1002//1285 1003//1253
f 993//1256 978//1976 1003//1269
f 967//1260 995//1273 1042//1274
f 956//1156 1008//1239 957//1232
f 970//1967 1018//1240 1019//1319
f 939//1211 1009//1241 972//1213
f 984//1958 1032//1977 997//1973
f 999//1965 998//1243 1010//1978
f 986//1979 1011//1327 1012//1329
f 973//1263 986//1979 1012//1329
f 1000//1264 973//1263 1012//1329
f 989//1980 988//1981 1013//1982
f 1001//1983 989//1980 1013//1982
f 990//1265 1022//1280 1023//1266
f 976//1247 1025//1984 1014//1267
f 1017//1290 1006//1258 1005//1287 1031//1289
f 1038//1985 1049//1378 1015//1283 1014//1986
f 996//1184 1093//1296 1052//1372
f 998//1243 997//1324 1033//1323
f 1010//1978 998//1243 1033//1323
f 1030//1987 1031//1289 1004//1288 1029//1988
f 1039//1369 1040//1382 1030//1987 1029//1989
f 957//1232 1071//1317 1018//1343
f 1011//1327 1034//1990 1035//1328
f 1013//1303 1036//1332 1037//1347
f 1021//1304 1013//1303 1037//1347
f 1023//1266 1022//1280 1048//1334
f 1024//1308 1023//1307 1048//1363
f 1025//1310 1024//1308 1038//1311
f 1026//1284 1015//1283 1049//1378
f 1029//1271 1028//1270 1068//1367
f 1029//1989 1068//1367 1039//1369
f 1046//1991 1033//1991 1032//1991 1045//1991
f 1031//1289 1030//1987 1041//1335
f 1017//1291 1031//1289 1060//1336
f 1032//1992 1020//1355 1045//1993
f 1072//1386 1081//1398 1056//1360 1055//1388
f 1033//1325 1046//1373 1034//1326
f 1028//1270 1027//1314 1074//1352
f 1068//1367 1028//1270 1075//1353
f 1041//1335 1030//1987 1040//1382
f 1042//1274 1017//1291 1060//1336
f 1020//1355 1044//1320 1061//1345
f 1045//1993 1020//1355 1053//1356
f 1046//1994 1045//1993 1053//1356
f 1034//1326 1046//1373 1054//1357
f 1035//1331 1034//1326 1054//1357
f 1036//1332 1056//1995 1064//1362
f 1024//1308 1048//1363 1065//1365
f 1024//1308 1073//1379 1038//1311
f 1049//1378 1038//1985 1073//1379
f 1027//1314 1050//1351 1074//1352
f 1068//1367 1076//1390 1058//1368
f 1040//1382 1039//1369 1058//1368
f 1041//1335 1040//1382 1059//1370
f 1051//1315 1042//1274 1085//1371
f 1007//1261 1051//1315 1104//1393
f 1053//1996 1061//1354 1062//1396
f 1046//1373 1053//1997 1062//1374
f 1054//1357 1046//1373 1063//1375
f 1047//1359 1055//1388 1056//1360
f 1024//1308 1089//1377 1073//1379
f 1059//1370 1040//1382 1069//1383
f 1084//1413 1064//1376 1056//1360 1083//1410
f 1107//1400 1099//1415 1066//1380 1073//1379
f 1065//1365 1064//1376 1084//1413
f 1076//1390 1068//1367 1101//1389
f 1069//1383 1058//1368 1091//1391
f 1070//1998 1007//1261 1105//1394
f 1083//1410 1056//1360 1082//1399
f 1065//1365 1084//1413 1098//1414
f 1089//1377 1065//1365 1098//1414
f 1096//1437 1097//1409 1082//1399 1081//1398
f 1075//1353 1074//1352 1090//1401
f 655//1825 623//1835 1296//1837 1303//1826
f 1062//1396 1094//1395 1086//1407
f 1072//1386 1095//1408 1087//1436
f 1081//1398 1072//1386 1087//1436
f 1066//1380 1099//1415 1090//1401
f 1075//1353 1090//1401 1100//1416
f 1052//1372 1093//1296 1121//1405
f 1129//1440 1121//1405 1093//1296 1127//1404
f 1101//1389 1102//1426 1109//1402
f 1091//1391 1109//1402 1119//1430
f 1069//1383 1091//1391 1103//1419
f 1085//1371 1077//1384 1092//1392
f 1079//1297 1121//1405 1112//1406
f 1080//1397 1086//1407 1095//1408
f 1081//1398 1087//1436 1096//1437
f 1097//1409 1106//1423 1083//1411
f 1098//1414 1088//1412 1115//1441
f 1107//1400 1098//1414 1115//1441
f 1099//1415 1110//1417 1108//1418
f 1101//1389 1100//1416 1118//1425
f 1092//1392 1069//1383 1111//1420
f 612//1999 872//1340 1335//1342 1342//1999
f 1071//1317 1112//1406 1094//1395
f 1097//1409 1096//1437 1106//1423
f 1083//1411 1114//1424 1088//1412
f 1107//1400 1115//1441 1116//1427
f 1103//1419 1091//1391 1120//1431
f 1122//1443 1118//1425 1100//1416 1108//1418
f 1087//1436 1095//1408 1113//1422
f 1110//1417 1107//1400 1128//1428
f 1108//1418 1117//1429 1122//1443
f 1134//1448 1086//1407 1094//1395 1112//1406
f 1111//1420 1103//1419 1120//1431
f 676//2000 636//2000 1298//2000 1302//2000
f 551//1921 563//1810 1278//1813 1272//1922
f 637//2001 719//1292 1306//1295 1300//2001
f 1142//1447 1145//1451 1132//1439 1123//1433
f 1086//1407 1134//1448 1113//1422
f 1115//1441 1088//1412 1131//1432
f 1119//1430 1102//1426 1136//1450
f 1119//1430 1136//1450 1124//1452
f 1120//1431 1119//1430 1124//1452
f 1092//1392 1111//1420 1126//1421
f 1106//1423 1130//1438 1114//1424
f 1136//1450 1102//1426 1132//1439
f 1125//1434 1120//1431 1124//1452
f 1126//1421 1111//1420 1125//1434
f 1105//1394 1126//1421 1133//1458
f 1096//1437 1141//1435 1130//1438
f 1114//1424 1130//1438 1143//1449
f 1115//1441 1144//1442 1116//1427
f 1125//1434 1124//1452 1138//1453
f 1112//1406 1140//1444 1134//1448
f 1114//1424 1143//1449 1131//1432
f 1116//1427 1144//1442 1135//1445
f 1128//1428 1116//1427 1135//1445
f 1126//1421 1125//1434 1139//1457
f 1133//1458 1126//1421 1139//1457
f 1122//1443 1117//1429 1137//1446
f 1122//1443 1137//1446 1142//1447
f 1136//1450 1132//1439 1145//1451
f 1141//1435 1113//1422 1150//1455
f 1140//1444 1129//1440 1127//1404
f 1139//1457 1138//1453 1146//1454
f 1140//1444 1127//1404 1150//1455
f 1143//1449 1150//1455 1147//1460
f 1135//1445 1144//1442 1147//1460
f 1142//1447 1149//1456 1151//1461
f 1127//1404 1155//1403 1152//1462
f 1147//1460 1152//1462 1153//1463
f 1149//1456 1147//1460 1153//1463
f 1148//1459 1151//1461 1153//1463
f 1151//1461 1149//1456 1153//1463
f 1166//2002 1183//2003 1167//2004
f 1170//2005 1173//2006 1162//2007
f 1156//2008 1175//2009 1176//2010
f 1164//2011 1176//2012 1159//2013
f 1169//2014 1172//2015 1173//2006
f 1169//2014 1173//2006 1170//2005
f 1173//2006 1189//2016 1162//2007
f 1159//2013 1176//2012 1181//2017
f 1175//2009 1184//2018 1176//2010
f 1159//2013 1181//2017 1185//2019
f 1177//2020 1185//2021 1182//2022
f 1182//2023 1186//2024 1178//2025
f 1178//2025 1186//2024 1179//2026
f 1172//2015 1187//2027 1173//2006
f 1175//2028 1190//2029 1184//2030
f 1184//2030 1191//2031 1176//2032
f 1176//2032 1191//2031 1181//2033
f 1188//2034 1195//2035 1189//2016
f 1180//2036 1190//2029 1175//2028
f 1190//2029 1193//2037 1184//2030
f 1184//2030 1193//2037 1191//2031
f 1182//2022 1185//2021 1194//2038
f 1185//2039 1191//2040 1199//2041
f 1185//2039 1199//2041 1194//2042
f 1196//2043 1200//2044 1197//2045
f 1198//2046 1201//2047 1192//2048
f 1193//2037 1202//2049 1191//2031
f 1163//2050 1209//2051 1174//2052
f 1200//2044 1204//2053 1197//2045
f 1197//2045 1204//2053 1198//2046
f 1192//2048 1203//2054 1190//2029
f 1203//2055 1212//2056 1206//2057
f 1203//2055 1206//2057 1207//2058
f 1195//2035 1213//2059 1189//2016
f 1204//2060 1211//2060 1205//2060
f 1205//2061 1212//2061 1201//2061
f 1201//2047 1212//2062 1203//2054
f 1211//2063 1210//2063 1215//2063
f 1211//2064 1215//2065 1205//2066
f 1207//2058 1206//2057 1216//2067
f 1214//2068 1220//2069 1210//2070
f 1207//2071 1216//2071 1224//2071
f 1218//2072 1217//2072 1228//2072
f 1218//2073 1228//2074 1226//2075
f 1219//2076 1226//2077 1227//2078
f 1219//2076 1227//2078 1214//2079
f 1220//2080 1221//2081 1210//2082
f 1228//2074 1230//2083 1226//2075
f 1221//2081 1229//2084 1222//2085
f 1226//2086 1230//2087 1232//2088
f 1220//2089 1227//2090 1233//2091
f 1220//2089 1233//2091 1234//2092
f 1227//2093 1232//2094 1235//2095
f 1227//2096 1235//2096 1233//2096
f 1234//2097 1236//2098 1229//2084
f 1208//2099 1238//2100 1225//2101
f 1231//2102 1240//2103 1232//2104
f 1232//2104 1240//2103 1235//2105
f 1235//2106 1241//2107 1233//2108
f 1234//2109 1244//2110 1236//2111
f 1240//2112 1243//2113 1246//2114
f 1246//2114 1243//2113 1248//2115
f 1238//2100 1251//2116 1225//2101
f 1247//1503 1252//1502 1243//2117
f 1249//2118 1248//2119 1253//2120
f 1252//1502 1255//2121 1248//2122
f 1249//2118 1253//2120 1257//2123
f 1256//1699 1259//1698 1253//2124
f 1158//2125 1157//2126 1159//2013
f 1158//2125 1159//2013 1160//2127
f 1156//2128 1164//2011 1157//2126
f 1160//2127 1159//2013 1165//2129
f 1160//2127 1165//2129 1166//2130
f 1161//2131 1160//2127 1166//2130
f 1172//2015 1169//2014 1168//2132 1171//2132
f 1157//2126 1164//2011 1159//2013
f 1159//2013 1177//2133 1165//2129
f 1168//2134 1167//2134 1171//2134
f 1179//2135 1166//2002 1165//2136 1178//2137
f 1164//2138 1156//2138 1176//2138
f 1165//2136 1177//2139 1178//2137
f 1166//2002 1179//2135 1183//2003
f 1167//2004 1183//2003 1171//2140
f 1177//2139 1182//2141 1178//2137
f 1162//2007 1189//2016 1163//2050
f 1177//2133 1159//2013 1185//2019
f 1173//2006 1187//2027 1188//2034
f 1173//2006 1188//2034 1189//2016
f 1181//2033 1191//2031 1185//2142
f 1202//2049 1193//2037 1190//2029 1203//2054
f 1180//2036 1192//2048 1190//2029
f 1163//2050 1189//2016 1225//2101
f 1199//2041 1191//2040 1202//2143
f 1198//2046 1204//2053 1201//2047
f 1192//2048 1201//2047 1203//2054
f 1210//2144 1211//2144 1204//2144 1200//2144
f 1201//2145 1204//2145 1205//2145
f 1202//2146 1203//2146 1207//2146
f 1189//2016 1208//2099 1225//2101
f 1163//2050 1225//2101 1209//2051
f 1189//2016 1213//2059 1208//2099
f 1205//2066 1215//2065 1212//2147
f 1223//2148 1212//2147 1215//2065 1222//2148
f 1215//2149 1210//2082 1221//2081
f 1215//2149 1221//2081 1222//2085
f 1223//2150 1216//2067 1206//2057 1212//2150
f 1219//2151 1218//2151 1226//2151
f 1214//2068 1227//2152 1220//2069
f 1216//2153 1223//2154 1224//2155
f 1221//2081 1220//2080 1234//2097
f 1221//2081 1234//2097 1229//2084
f 1223//2154 1222//2085 1229//2084
f 1223//2154 1229//2084 1224//2155
f 1227//2093 1226//2156 1232//2094
f 1224//2155 1229//2084 1237//2157
f 1232//2088 1230//2087 1231//2158
f 1229//2084 1236//2098 1237//2157
f 1231//2102 1239//2159 1240//2103
f 1233//2108 1241//2107 1244//2110
f 1234//2109 1233//2108 1244//2110
f 1209//2051 1225//2101 1251//2116
f 1239//2160 1242//2161 1243//2117
f 1240//2112 1239//2162 1243//2113
f 1235//2163 1240//2164 1241//2165
f 1209//2051 1251//2116 1258//2166
f 1247//1503 1243//2117 1242//2161 1245//1537
f 1240//2167 1246//2168 1249//2118
f 1240//2164 1249//2169 1241//2165
f 1246//2168 1248//2119 1249//2118
f 1241//2165 1249//2169 1250//2170
f 1243//2117 1252//1502 1248//2122
f 1249//2169 1254//2171 1250//2170
f 1248//2122 1255//2121 1256//1699
f 1248//2122 1256//1699 1253//2124
f 1254//2172 1249//2172 1257//2172
f 1263//2173 1264//2174 1265//2174 1266//2175
f 1261//2176 1//1465 182//218
f 1261//2176 1260//2174 1//1465
f 1262//2177 1263//2173 1266//2175
f 1260//2178 1261//1566 1266//1566 1265//2178
f 360//2179 430//2180 1264//2180 1263//2179
f 182//2181 360//2179 1263//2179 1262//2181
f 1267//2182 1269//2183 1268//2184
f 1278//2185 1280//2186 1279//2187
f 1278//2185 1279//2187 1281//2188
f 1275//2189 1284//1795 1276//2190
f 1276//2190 1284//1795 1285//2191
f 1278//2185 1286//2192 1280//2186
f 1281//2193 1279//2193 1287//2193
f 1273//2194 1287//2195 1288//2196
f 1284//2197 1290//2198 1285//2199
f 1285//2200 1291//2200 1286//2200
f 1286//2192 1291//2201 1280//2186
f 1289//2202 1288//2196 1293//2203
f 1290//2198 1294//2204 1285//2199
f 1280//2205 1295//2206 1279//2207
f 1292//2208 1293//2209 1288//2210
f 1289//2202 1296//2211 1274//2212
f 1290//2198 1297//2213 1294//2204
f 1294//2214 1298//2215 1291//2201
f 1291//2201 1298//2215 1280//2186
f 1280//2205 1299//2216 1295//2206
f 1301//2217 1303//2218 1296//2219
f 1301//2220 1300//2221 1304//2222
f 1304//2222 1300//2221 1306//2223
f 1305//2224 1307//2225 1303//2218
f 1307//2225 1305//2224 1309//2226
f 1306//2223 1310//2227 1308//2228
f 1305//2229 1308//2228 1311//2230
f 1310//2227 1313//2231 1308//2228
f 1308//2228 1315//2232 1311//2230
f 1311//2230 1315//2232 1312//2233
f 1313//2231 1316//2234 1315//2232
f 1317//2235 1316//2234 1318//2236
f 1319//2237 1317//2235 1320//2238
f 1317//2235 1321//2239 1322//2240
f 1320//2238 1322//2241 1323//2242
f 1321//2239 1324//2243 1322//2240
f 1322//2240 1327//2244 1326//2245
f 1326//2245 1328//2246 1325//2247
f 1326//2245 1329//2248 1328//2246
f 1325//2247 1328//2246 1330//2249
f 1336//2250 1343//2251 1342//2252
f 1330//2249 1332//2253 1334//2254
f 1330//2249 1334//2254 1335//2255
f 1335//2255 1334//2254 1336//2250
f 1332//2253 1333//2256 1337//2257
f 1332//2253 1337//2257 1334//2254
f 1268//2184 1269//2183 1270//2258
f 1271//2259 1270//2258 1269//2183 1282//2259
f 1289//2202 1274//2212 1273//2194 1288//2196
f 1272//2260 1278//2185 1281//2188
f 1273//2261 1272//2260 1281//2188
f 1275//2189 1283//1846 1284//1795
f 1277//2262 1276//2190 1285//2191
f 1277//2262 1285//2191 1286//2263
f 1278//2185 1277//2264 1286//2192
f 1273//2194 1281//2265 1287//2195
f 1287//2266 1279//2207 1292//2267
f 1287//2266 1292//2267 1288//2268
f 1285//2269 1294//2269 1291//2269
f 1279//2207 1295//2206 1292//2267
f 1289//2202 1293//2203 1296//2211
f 1301//2270 1293//2209 1292//2208 1300//2271
f 1280//2205 1298//2272 1299//2216
f 1292//2208 1295//2273 1300//2271
f 1293//2274 1301//2274 1296//2274
f 1302//2275 1298//2215 1294//2214 1297//2275
f 1295//2273 1299//2276 1341//2277
f 1300//2271 1295//2273 1341//2277
f 1305//2224 1303//2218 1301//2217 1304//2278
f 1308//2228 1305//2229 1304//2222 1306//2223
f 1309//2226 1305//2224 1311//2279
f 1308//2228 1313//2231 1315//2232
f 1312//2233 1315//2232 1314//2280
f 1315//2232 1316//2234 1317//2235
f 1315//2232 1317//2235 1314//2280
f 1319//2237 1314//2280 1317//2235
f 1317//2235 1318//2236 1321//2239
f 1320//2238 1317//2235 1322//2241
f 1323//2242 1322//2241 1344//2281
f 1321//2239 1318//2236 1324//2243
f 1323//2242 1344//2281 1326//2245
f 1322//2240 1324//2243 1327//2244
f 1325//2247 1323//2242 1326//2245
f 1344//2282 1322//2240 1326//2245
f 1342//2252 1335//2255 1336//2250
f 1331//2283 1329//2248 1326//2245 1327//2244
f 1333//2256 1332//2253 1328//2246 1329//2248
f 1330//2249 1328//2246 1332//2253
f 1334//2254 1337//2257 1338//2284
f 1336//2250 1334//2254 1339//2285
f 1334//2254 1338//2284 1339//2285
f 1336//2250 1339//2285 1340//2286
f 1336//2250 1340//2286 1343//2251
f 1347//2287 1346//2287 1352//2287 1353//2287
f 1346//32 1345//23 15//2288 1352//2288
f 1345//2289 1348//2289 1354//2289 15//2289
f 1351//2290 1350//2291 1357//2292 1358//2290
f 1348//2293 1349//2294 1356//2295 1354//2293
f 1350//2291 1347//2296 1353//2296 1357//2292
f 1349//2294 1351//2297 1358//2297 1356//2295
f 15//2298 1355//2299 1352//2300
f 1354//2301 1356//2302 1355//2299
f 15//2298 1354//2301 1355//2299
f 1353//2303 1352//2300 1355//2299
f 1353//2303 1355//2299 1357//2304
f 1357//2304 1355//2299 1358//2305
f 1355//2299 1356//2302 1358//2306
